,Account,Text,Date,datetime,compound,neg,neu,pos
0,BBC North America,Maryland shooting: Gazette staff publish Friday edition https://t.co/2ZF96p6BuP,2018-06-29,2018-06-29 03:21:11-04:00,0.0,0.0,1.0,0.0
1,BBC North America,Annapolis shooting: How journalists tweeted their ordeal https://t.co/ko8lM3blnF,2018-06-28,2018-06-28 18:49:24-04:00,0.0,0.0,1.0,0.0
2,BBC North America,"RT @BBCBreaking: Several people dead in shooting at newspaper building in US city of Annapolis in Maryland, officials confirm https://t.co/‚Ä¶",2018-06-28,2018-06-28 16:44:03-04:00,-0.6486,0.185,0.815,0.0
3,BBC North America,Police confirm 'shooting incident' at Maryland newspaper office https://t.co/QWxFyO8K3V,2018-06-28,2018-06-28 15:41:53-04:00,0.0,0.0,1.0,0.0
4,BBC North America,Women fear abortion rights under threat https://t.co/0KvjaZG3su,2018-06-28,2018-06-28 14:58:10-04:00,-0.765,0.569,0.431,0.0
5,BBC North America,"RT @Tara_Mckelvey: Here at Foxconn in Wisconsin, I asked the president about his Putin meeting. The president smiled and a moment later sai‚Ä¶",2018-06-28,2018-06-28 14:42:19-04:00,0.5423,0.0,0.851,0.149
6,BBC North America,Charlottesville car attack suspect charged with hate crime https://t.co/sJ9KsshuoC,2018-06-28,2018-06-28 12:41:49-04:00,-0.9231,0.781,0.219,0.0
7,BBC North America,RT @BBCRajiniV: My goal for this #worldcup2018 - see how many pics I can get of fans from different countries. It‚Äôs like a real life @Offic‚Ä¶,2018-06-28,2018-06-28 12:16:04-04:00,0.3612,0.0,0.898,0.102
8,BBC North America,"ICYMI, this four-year-old's paintings are worth thousands of dollars https://t.co/G9wKyal49O https://t.co/gf8sZD4xTB",2018-06-28,2018-06-28 12:10:16-04:00,0.2263,0.0,0.84,0.16
9,BBC North America,Benghazi attack: Libyan militant jailed for 22 years in US https://t.co/bDRdh3syGz,2018-06-28,2018-06-28 06:56:06-04:00,-0.743,0.412,0.588,0.0
10,BBC North America,XXXTentacion fans queue to pay respects at Florida service https://t.co/WU2yrBQWsq,2018-06-28,2018-06-28 01:05:38-04:00,0.2263,0.12,0.684,0.197
11,BBC North America,Trump begins Supreme Court search to replace Anthony Kennedy https://t.co/8ey1YLP0XR,2018-06-28,2018-06-28 00:22:01-04:00,0.5574,0.0,0.714,0.286
12,BBC North America,"RT @sam_granville: ""Congressman Crowley knows 20,000 people. He could have won.""- @theabstoddard on #Beyond100Days w/@trowynt and @Christia‚Ä¶",2018-06-27,2018-06-27 18:28:43-04:00,0.0,0.0,1.0,0.0
13,BBC North America,Supreme Court: Why a fight over US abortion law now looms https://t.co/4Z76AmvAWq,2018-06-27,2018-06-27 18:11:28-04:00,0.1027,0.266,0.506,0.228
14,BBC North America,Five attempts to make toys more inclusive https://t.co/F6ENo98IxO,2018-06-27,2018-06-27 17:36:13-04:00,0.0,0.0,1.0,0.0
15,BBC North America,Flamingo that escaped a zoo in 2005 spotted in Texas https://t.co/1zLq80fM5e,2018-06-27,2018-06-27 15:52:46-04:00,0.0,0.0,1.0,0.0
16,BBC North America,Antwon Rose: Pittsburgh officer charged with criminal homicide https://t.co/jXylvU2AnH,2018-06-27,2018-06-27 15:26:20-04:00,-0.6369,0.426,0.574,0.0
17,BBC North America,RT @BBCJonSopel: Surreal discussion going on in Oval Office right now between Portugese President and @realDonaldTrump on how good a player‚Ä¶,2018-06-27,2018-06-27 15:06:31-04:00,0.4404,0.0,0.868,0.132
18,BBC North America,RT @awzurcher: Your daily ‚Äúelections have consequences‚Äù reminder. If Hillary Clinton had won we‚Äôd be looking at a 6-3 liberal majority on t‚Ä¶,2018-06-27,2018-06-27 14:52:27-04:00,0.5719,0.0,0.85,0.15
19,BBC North America,Trump Supreme Court pick: Why is the US top court so important? https://t.co/IYs39xG0rJ,2018-06-27,2018-06-27 14:45:57-04:00,0.7574,0.0,0.572,0.428
20,BBC North America,Trump-Putin summit agreed by US and Russia in principle https://t.co/Vyv0Fo4Jqn,2018-06-27,2018-06-27 14:35:23-04:00,0.2732,0.0,0.811,0.189
21,BBC North America,"RT @awzurcher: Without Anthony Kennedy on the US Supreme Court, there really won't be a swing justice. Whoever replaces him will move the C‚Ä¶",2018-06-27,2018-06-27 14:27:41-04:00,0.2081,0.101,0.767,0.132
22,BBC North America,"RT @BBCBreaking: A Supreme Court justice is to retire, giving President Trump the chance to reshape the top US court https://t.co/OC80dTFbCL",2018-06-27,2018-06-27 14:19:01-04:00,0.9042,0.0,0.532,0.468
23,BBC North America,US Supreme Court judge to retire https://t.co/XExux0wvjX,2018-06-27,2018-06-27 14:17:21-04:00,0.5574,0.0,0.625,0.375
24,BBC North America,Joe Jackson: Patriarch of Jackson family dies aged 89 https://t.co/3BOQ5lKedG,2018-06-27,2018-06-27 12:44:17-04:00,0.0,0.0,1.0,0.0
25,BBC North America,RT @HarryLow49: Mexico City erupts as South Korea's second goal goes in https://t.co/CSTADxowPG,2018-06-27,2018-06-27 11:59:13-04:00,0.0,0.0,1.0,0.0
26,BBC North America,RT @HarryLow49: Lots of worried faces inside this bar in Mexico City #MEXSWE https://t.co/RfWxHQEa0s,2018-06-27,2018-06-27 11:39:05-04:00,-0.296,0.145,0.855,0.0
27,BBC North America,Alexandria Ocasio-Cortez: Millennial beats veteran Democrat https://t.co/xakzGLRAW3,2018-06-27,2018-06-27 05:06:17-04:00,0.0,0.0,1.0,0.0
28,BBC North America,Deadly explosion at Texas hospital leaves one dead https://t.co/gUcNdS0wAK,2018-06-26,2018-06-26 20:56:27-04:00,-0.6486,0.35,0.65,0.0
29,BBC North America,"RT @sam_granville: ""The President does what the president wants to do.""
@emilyjanefox on #Beyond100Days talking about her new book Born Tru‚Ä¶",2018-06-26,2018-06-26 16:27:14-04:00,0.0,0.0,1.0,0.0
30,BBC North America,"RT @Tara_Mckelvey: In the East Room, I watched President Trump help Pauline Lyda Wells Conner, the widow of a World War II hero, First Lt G‚Ä¶",2018-06-26,2018-06-26 16:17:38-04:00,0.5267,0.121,0.621,0.258
31,BBC North America,Canadian tycoon's son Blake Leibel gets life for 'savage' murder https://t.co/XvKYl8Fbnd,2018-06-26,2018-06-26 16:09:10-04:00,-0.6908,0.32,0.68,0.0
32,BBC North America,NSA contractor Reality Winner admits leak https://t.co/6TJTuLc2I1,2018-06-26,2018-06-26 16:06:29-04:00,0.5574,0.194,0.323,0.484
33,BBC North America,Migrant family separations: States sue Trump administration https://t.co/H5LgMqJ3cC,2018-06-26,2018-06-26 15:40:34-04:00,0.0,0.0,1.0,0.0
34,BBC North America,US college quarterback 'had brain disorder' before suicide https://t.co/7vDdLkcCCg,2018-06-26,2018-06-26 14:10:23-04:00,-0.802,0.507,0.493,0.0
35,BBC North America,"RT @colleenhagerty: It's #ElectionDay in Oklahoma, and an unprecedented number of teachers are on the ballot. Here's why: https://t.co/kBlR‚Ä¶",2018-06-26,2018-06-26 12:23:52-04:00,0.0772,0.0,0.933,0.067
36,BBC North America,"RT @awzurcher: Outside the Supreme Court, a crowd is chanting ‚Äúno ban, no wall.‚Äù https://t.co/flVUOA7USb",2018-06-26,2018-06-26 12:23:44-04:00,-0.296,0.284,0.539,0.176
37,BBC North America,"RT @awzurcher: The latest from outside the Supreme Court. There's a small rally here right now that is a grab-bag of abortion, gay rights a‚Ä¶",2018-06-26,2018-06-26 11:42:50-04:00,0.5574,0.0,0.859,0.141
38,BBC North America,Teenager helps deaf and blind man to communicate on flight https://t.co/QLwJ0nNBPi,2018-06-26,2018-06-26 11:32:04-04:00,-0.0258,0.189,0.629,0.182
39,BBC North America,Ottawa Bluesfest preparations obstructed by nesting bird https://t.co/dL0yHBXtR0,2018-06-26,2018-06-26 11:22:41-04:00,0.0,0.0,1.0,0.0
40,BBC North America,New Zealand man shot after 'flying to US to attack teenager' https://t.co/b0Jo6hXdKY,2018-06-26,2018-06-26 11:03:19-04:00,-0.4767,0.22,0.78,0.0
41,BBC North America,Trump travel ban: What does this ruling mean? https://t.co/Qe1M3TC6JU,2018-06-26,2018-06-26 10:50:00-04:00,-0.5574,0.31,0.69,0.0
42,BBC North America,RT @hannahlonghiggs: What are the alternatives to detention and what's the cost difference? I took a look. Here's what I found: https://t.c‚Ä¶,2018-06-26,2018-06-26 10:39:28-04:00,-0.3612,0.122,0.878,0.0
43,BBC North America,"RT @awzurcher: The ban - on Iran, Yemen, Somalia, Syria, Libya, North Korea and Venezuela - had already been allowed to go into effect. Whi‚Ä¶",2018-06-26,2018-06-26 10:38:14-04:00,-0.5574,0.141,0.859,0.0
44,BBC North America,US Supreme Court upholds Trump's travel ban https://t.co/f69RfkGpmH,2018-06-26,2018-06-26 10:26:09-04:00,0.0,0.273,0.455,0.273
45,BBC North America,Donald Trump criticises Harley-Davidson for decision over tariffs https://t.co/gTdAWMjdQt,2018-06-25,2018-06-25 20:39:26-04:00,-0.3182,0.223,0.777,0.0
46,BBC North America,US astronaut Buzz Aldrin sues his two children for 'misuse of finances' https://t.co/F1Uq9ASPDI,2018-06-25,2018-06-25 20:31:53-04:00,0.0,0.0,1.0,0.0
47,BBC North America,Oscars awards body acts to boost diversity with 928 member invitations https://t.co/M8P5N99u3v,2018-06-25,2018-06-25 20:04:43-04:00,0.6908,0.0,0.637,0.363
48,BBC North America,US border agents halt migrant family prosecutions https://t.co/BVBKJ4BZnQ,2018-06-25,2018-06-25 17:56:34-04:00,0.0,0.0,1.0,0.0
49,BBC North America,Is it fair for a politician to use Tinder to win votes? https://t.co/V6s6iTmpq7,2018-06-25,2018-06-25 17:54:02-04:00,0.7269,0.0,0.621,0.379
50,BBC North America,Trump to Waters: 'Be careful what you wish for Max' https://t.co/0YV8h5SQXv,2018-06-25,2018-06-25 16:01:30-04:00,0.5106,0.0,0.677,0.323
51,BBC North America,California scientist shot dead while camping with daughters https://t.co/I3VJ1J7bgX,2018-06-25,2018-06-25 14:05:10-04:00,-0.6486,0.35,0.65,0.0
52,BBC North America,Pentagon: Two military bases to house migrants https://t.co/IlZSwUP4A8,2018-06-25,2018-06-25 12:57:16-04:00,0.0,0.0,1.0,0.0
53,BBC North America,Laura Ingalls Wilder removed from book award over racist language https://t.co/6B5K4oRvM0,2018-06-25,2018-06-25 12:31:05-04:00,-0.128,0.242,0.545,0.212
54,BBC North America,Former Nato chief Javier Solana denied US visa waiver https://t.co/rUQj5xU2sO,2018-06-25,2018-06-25 11:17:27-04:00,-0.4404,0.244,0.756,0.0
55,BBC North America,Woman 'calls police' on eight-year-old for selling water #PermitPatty https://t.co/ZZ2f8xuOAR,2018-06-25,2018-06-25 09:32:15-04:00,0.0,0.0,1.0,0.0
56,BBC North America,"RT @Tara_Mckelvey: I spoke with @williamcrawley on BBC Radio 4‚Äôs Sunday programme about President Trump, Attorney General Jeff Sessions and‚Ä¶",2018-06-25,2018-06-25 09:21:45-04:00,0.0,0.0,1.0,0.0
57,BBC North America,"RT @ImAidenJohnson: At the U.S. Supreme Court with BBC‚Äôs @csbuckler waiting for a possible ruling on the president‚Äôs travel ban, which rest‚Ä¶",2018-06-25,2018-06-25 09:19:31-04:00,0.0,0.137,0.725,0.137
58,BBC North America,Roseanne Barr regrets becoming 'hate magnet' https://t.co/8nkcZQ1T6p,2018-06-25,2018-06-25 03:11:17-04:00,-0.7351,0.554,0.446,0.0
59,BBC North America,Police geeks trying to win over old-school cops https://t.co/j6CdXGuJaK,2018-06-24,2018-06-24 20:40:34-04:00,0.5267,0.115,0.574,0.311
60,BBC North America,Trump calls for deportations without judicial process https://t.co/GujfWGBgyb,2018-06-24,2018-06-24 15:18:36-04:00,0.0,0.0,1.0,0.0
61,BBC North America,"Han Solo 'blaster' fetches $550,000 in New York https://t.co/5excvDy4PI",2018-06-24,2018-06-24 05:08:14-04:00,0.0,0.0,1.0,0.0
62,BBC North America,Woman 'humiliated' by Walgreens over drugs to end pregnancy https://t.co/wRB5pTZqzA,2018-06-24,2018-06-24 02:28:34-04:00,0.0,0.0,1.0,0.0
63,BBC North America,What impact has Donald Trump had on illegal immigration? https://t.co/9XpVTcBc6L,2018-06-23,2018-06-23 21:14:34-04:00,-0.5574,0.286,0.714,0.0
64,BBC North America,"Obituary: Suman Virk, the mother who forgave her daughter's killer https://t.co/SjSr2n7qme",2018-06-23,2018-06-23 20:48:55-04:00,-0.4404,0.274,0.573,0.153
65,BBC North America,French jogger detained after crossing US-Canada border https://t.co/zEkqAlpZkd,2018-06-23,2018-06-23 18:17:37-04:00,-0.4019,0.278,0.722,0.0
66,BBC North America,Sarah Sanders kicked out of restaurant because of work for Trump https://t.co/sdaMrXXVRV,2018-06-23,2018-06-23 17:24:13-04:00,0.0,0.0,1.0,0.0
67,BBC North America,RT @HaleyThomas09: Cisary and his eight-year-old daughter fled from Honduras after receiving death threats. They were detained when they en‚Ä¶,2018-06-23,2018-06-23 10:35:44-04:00,-0.8555,0.356,0.644,0.0
68,BBC North America,Pantera drummer Vinnie Paul dies aged 54 https://t.co/TNRljgVgQg,2018-06-23,2018-06-23 06:24:54-04:00,0.0,0.0,1.0,0.0
69,BBC North America,US military plans migrant tent camps amid Trump crackdown https://t.co/kEHpucjh1n,2018-06-23,2018-06-23 04:04:07-04:00,0.0,0.0,1.0,0.0
70,BBC North America,Anthony Bourdain: Chef's mother plans memorial tattoo https://t.co/F0oWKDszFz,2018-06-22,2018-06-22 21:10:17-04:00,0.0,0.0,1.0,0.0
71,BBC North America,Undocumented migrant families embark on chaotic reunion process https://t.co/YNdA8GhvVe,2018-06-22,2018-06-22 19:04:17-04:00,-0.4939,0.286,0.714,0.0
72,BBC North America,Trump highlights victims of migrants amid family separations row https://t.co/5Q0ZiV1O6H,2018-06-22,2018-06-22 16:42:37-04:00,-0.3182,0.204,0.796,0.0
73,BBC North America,Koko: Gorilla death coverage rekindles language debate https://t.co/pR4cpwIyBR,2018-06-22,2018-06-22 11:50:15-04:00,-0.5994,0.358,0.642,0.0
74,BBC North America,"RT @BBCWorld: Drone footage offers a unique look at a 'tent city' built to house migrant children in Texas 

https://t.co/7NOMpSb8Mv https:‚Ä¶",2018-06-22,2018-06-22 10:02:10-04:00,0.0,0.0,1.0,0.0
75,BBC North America,Migrant families separation poster girl 'not taken from mum' https://t.co/YpO7YEAWtb,2018-06-22,2018-06-22 09:43:26-04:00,0.0,0.0,1.0,0.0
76,BBC North America,Melania jacket: Five things 'I don't care' could mean https://t.co/lJJubuLZtl,2018-06-22,2018-06-22 07:09:35-04:00,-0.3875,0.226,0.774,0.0
77,BBC North America,Kate Spade's father dies night before designer's funeral https://t.co/dAhl91hWQL,2018-06-22,2018-06-22 04:41:44-04:00,-0.3612,0.238,0.762,0.0
78,BBC North America,Migrant children: Pentagon asked to house migrant minors https://t.co/xIdBz9OYpn,2018-06-21,2018-06-21 19:30:56-04:00,0.0,0.0,1.0,0.0
79,BBC North America,"RT @sam_granville: ""These immigrants don't want to come here. They have to come here.""- @jmarczak on #Beyond100Days @BBCWorld https://t.co/‚Ä¶",2018-06-21,2018-06-21 15:27:32-04:00,-0.0572,0.064,0.936,0.0
80,BBC North America,Melania wears 'I don't really care do u?' coat on migrant visit https://t.co/XnhcPazj15,2018-06-21,2018-06-21 15:24:33-04:00,-0.43,0.192,0.808,0.0
81,BBC North America,Canadian tycoon's son Blake Leibel convicted of brutal murder https://t.co/6pcRDnQBNw,2018-06-21,2018-06-21 13:36:33-04:00,-0.8689,0.524,0.476,0.0
82,BBC North America,Confusion reigns over fate of detained migrant children https://t.co/AOPky5IjLq,2018-06-21,2018-06-21 13:07:11-04:00,-0.5994,0.412,0.588,0.0
83,BBC North America,"RT @BBCBreaking: I would like to ask how I can help reunite the children with their families ""as quickly as possible"" - @FLOTUS visits bord‚Ä¶",2018-06-21,2018-06-21 12:34:28-04:00,0.6369,0.0,0.794,0.206
84,BBC North America,Pittsburgh officer in fatal shooting of Antwon Rose 'just sworn in' https://t.co/4Ktyk53Uma,2018-06-21,2018-06-21 11:57:42-04:00,-0.5423,0.241,0.759,0.0
85,BBC North America,Confusion reigns over fate of detained migrant children https://t.co/B4UA4BWHNM,2018-06-21,2018-06-21 11:31:11-04:00,-0.5994,0.412,0.588,0.0
86,BBC North America,"RT @sam_granville: ""Since the 2016 election, there will not be a day in my life that goes by that I'm not nervous about politics.""
@danpfei‚Ä¶",2018-06-21,2018-06-21 09:26:34-04:00,0.2057,0.0,0.927,0.073
87,BBC North America,RT @AngelicaMCasas: This is the sound of migrant children NOT separated from their parents. https://t.co/NBgVoh1pS8,2018-06-21,2018-06-21 09:23:00-04:00,0.0,0.0,1.0,0.0
88,BBC North America,Suspect arrested over XXXTentacion killing https://t.co/yqm84G03Lr,2018-06-21,2018-06-21 09:02:09-04:00,-0.8658,0.764,0.236,0.0
89,BBC North America,Koko the famously social gorilla dies in California https://t.co/tN3HEAEzVp,2018-06-21,2018-06-21 07:37:01-04:00,0.0,0.0,1.0,0.0
90,BBC North America,Migrant children: US battle moves to Congress https://t.co/qhldMsr9f7,2018-06-21,2018-06-21 05:06:27-04:00,-0.3818,0.271,0.729,0.0
91,BBC North America,Charlottesville organiser plans Washington DC rally https://t.co/VUJD7yeTin,2018-06-20,2018-06-20 23:12:34-04:00,0.0,0.0,1.0,0.0
92,BBC North America,Donald Trump 'lacks character' for hotel liquor licence https://t.co/ktHvQZ2Zqw,2018-06-20,2018-06-20 22:09:27-04:00,0.0,0.0,1.0,0.0
93,BBC North America,US envoy Nikki Haley berates human rights groups https://t.co/NMMyFy8iEZ,2018-06-20,2018-06-20 20:02:16-04:00,0.0,0.0,1.0,0.0
94,BBC North America,US migrant children: The bigger picture explained https://t.co/iKbcqZSQ0R,2018-06-20,2018-06-20 19:11:54-04:00,0.0,0.0,1.0,0.0
95,BBC North America,Hollywood v Fox News: Why a Fox walkout over migrants unlikely https://t.co/1eJPLluPqi,2018-06-20,2018-06-20 18:47:58-04:00,-0.3182,0.204,0.796,0.0
96,BBC North America,Peter Fonda apologises for 'vulgar' Barron Trump tweet https://t.co/7oZ3mddl2Q,2018-06-20,2018-06-20 18:20:39-04:00,0.2023,0.0,0.816,0.184
97,BBC North America,"RT @BBCWorld: ""It's about keeping families together, while at the same time ensuring we have a very powerful, strong border""

Donald Trump‚Ä¶",2018-06-20,2018-06-20 17:07:48-04:00,0.8304,0.0,0.672,0.328
98,BBC North America,Former WWE wrester star Vader dies at 63 https://t.co/OocAqNIwMs,2018-06-20,2018-06-20 16:11:40-04:00,0.0,0.0,1.0,0.0
99,BBC North America,Canadians able to buy recreational cannabis in October https://t.co/tXY04RYXVr,2018-06-20,2018-06-20 16:09:03-04:00,0.0,0.0,1.0,0.0
100,CBS News,"Only on @CBSThisMorning, CBS News' Chip Reid spoke to Brennan McCarthy, the attorney who represented the woman Jarr‚Ä¶ https://t.co/iipuyDcSDg",2018-06-29,2018-06-29 08:11:41-04:00,0.0,0.0,1.0,0.0
101,CBS News,"As the last of the Toys ""R"" Us stores ready for final closure this week, workers are saying they shouldn't be left‚Ä¶ https://t.co/zKE9uGV4L9",2018-06-29,2018-06-29 08:00:46-04:00,0.3612,0.0,0.898,0.102
102,CBS News,"""This is a travesty that these parents have been separated from their children and vice-versa, and there does not a‚Ä¶ https://t.co/bkXyLPNFJZ",2018-06-29,2018-06-29 07:49:01-04:00,-0.5719,0.163,0.837,0.0
103,CBS News,‚ÄúI saw that the kids would start automatically crying because they didn‚Äôt have the opportunity to speak to their pa‚Ä¶ https://t.co/cgbSCkI9AD,2018-06-29,2018-06-29 07:44:54-04:00,-0.0772,0.124,0.763,0.112
104,CBS News,"Activists want to fly this giant ""Trump Baby"" balloon over London to protest President Trump's UK visit:‚Ä¶ https://t.co/PSTE50lsv6",2018-06-29,2018-06-29 07:43:52-04:00,-0.1779,0.104,0.829,0.067
105,CBS News,"On Wednesday, @CBSThisMorning showed videos from inside the Cayuga Centers in New York. Pamela Baez is the former e‚Ä¶ https://t.co/m1WbQbaXUm",2018-06-29,2018-06-29 07:39:19-04:00,0.0,0.0,1.0,0.0
106,CBS News,President Trump hosted a bipartisan group of six senators at the White House on Thursday to discuss the Supreme Cou‚Ä¶ https://t.co/DZSMCTu1qp,2018-06-29,2018-06-29 07:34:46-04:00,0.5574,0.0,0.841,0.159
107,CBS News,Anne Arundel County police chief Timothy Altomare on the weapon used in the Capital Gazette shooting: ‚ÄúIt is a shot‚Ä¶ https://t.co/btYUnHwIpk,2018-06-29,2018-06-29 07:33:26-04:00,-0.296,0.104,0.896,0.0
108,CBS News,Police chief Timothy Altomare says there was one documented incident with the Capital Gazette shooting suspect: ‚ÄúTh‚Ä¶ https://t.co/xjKNAB6fwA,2018-06-29,2018-06-29 07:30:29-04:00,-0.296,0.115,0.885,0.0
109,CBS News,"‚ÄúWe are not getting too far on cooperation ‚Ä¶ [He‚Äôs] not saying much,‚Äù Anne Arundel County police chief Timothy Alto‚Ä¶ https://t.co/o97YUGNikk",2018-06-29,2018-06-29 07:26:17-04:00,0.0,0.0,1.0,0.0
110,CBS News,Anne Arundel County police chief Timothy Altomare joins @CBSThisMorning. He says police have searched at the suspec‚Ä¶ https://t.co/kpUesGVwJ2,2018-06-29,2018-06-29 07:25:01-04:00,0.0,0.0,1.0,0.0
111,CBS News,RT @CBSThisMorning: Law enforcement sources tell @CBSNews the shooter was hiding under a desk and had damaged his fingertips to make it har‚Ä¶,2018-06-29,2018-06-29 07:21:43-04:00,-0.6249,0.203,0.797,0.0
112,CBS News,Brennan McCarthy is the attorney who represented the woman Jarrod Ramos harassed. He said Ramos tormented his clien‚Ä¶ https://t.co/pLDe6zB2Qq,2018-06-29,2018-06-29 07:20:41-04:00,-0.5423,0.163,0.837,0.0
113,CBS News,"Sen. Jeff Merkley suggests Supreme Court nominee could ""lock in an anti-American majority"" https://t.co/LjsYAlivek https://t.co/91m7vAkJk7",2018-06-29,2018-06-29 07:19:38-04:00,0.5574,0.0,0.795,0.205
114,CBS News,"The suspect in The Capital newspaper shooting, Jarrod Ramos‚Äã, had tried suing the paper for defamation. It publishe‚Ä¶ https://t.co/v6T6iUzeor",2018-06-29,2018-06-29 07:18:04-04:00,-0.5106,0.202,0.798,0.0
115,CBS News,"Hours after Thursday‚Äôs massacre in Annapolis, police confirmed the identities of the employees who died: Gerald Fis‚Ä¶ https://t.co/XnPrdBXEED",2018-06-29,2018-06-29 07:13:55-04:00,-0.5574,0.175,0.825,0.0
116,CBS News,"The suspect in the Capital Gazette shooting will be in court Friday, @NorahODonnell reports. The police chief tells‚Ä¶ https://t.co/NoKSZyzmxq",2018-06-29,2018-06-29 07:11:00-04:00,-0.296,0.109,0.891,0.0
117,CBS News,"Just hours after a gunman rampaged through their newsroom, the dedicated staff at the the Capital Gazette published‚Ä¶ https://t.co/fb7Z9EC6hD",2018-06-29,2018-06-29 07:08:20-04:00,0.4588,0.0,0.85,0.15
118,CBS News,"""Today, we are speechless"": The Capital Gazette's opinion page is left blank after Thursday's deadly shooting‚Ä¶ https://t.co/nyUqTXv4XJ",2018-06-29,2018-06-29 07:00:12-04:00,0.0,0.0,1.0,0.0
119,CBS News,Ahead only on @CBSThisMorning: A former worker recorded scenes inside a facility for immigrant children. She'll tal‚Ä¶ https://t.co/X6wcGNuapw,2018-06-29,2018-06-29 06:49:32-04:00,0.0,0.0,1.0,0.0
120,CBS News,Ahead on @CBSThisMorning: We'talk with two New York Times journalists about how life has changed for the accusers w‚Ä¶ https://t.co/OPvVbVVMAO,2018-06-29,2018-06-29 06:44:38-04:00,0.0,0.0,1.0,0.0
121,CBS News,"SpaceX boosts station cargo -- and a ""floating brain"" -- to orbit https://t.co/mtWIW50nIJ https://t.co/8T6CynMJvB",2018-06-29,2018-06-29 06:39:43-04:00,0.3182,0.0,0.839,0.161
122,CBS News,"RT @CBSThisMorning: AHEAD on @CBSThisMorning:  @NorahODonnell leads our coverage from Annapolis, Maryland of the Capital Gazette shooting.‚Ä¶",2018-06-29,2018-06-29 06:36:21-04:00,0.0,0.0,1.0,0.0
123,CBS News,"RT @CBSThisMorning: THIS MORNING:
üîú@NorahODonnell is in Annapolis with the latest on the #CapitalGazette shooting
üîú@MichaelAvenatti and for‚Ä¶",2018-06-29,2018-06-29 06:33:24-04:00,0.0,0.0,1.0,0.0
124,CBS News,European Union leaders say they've reached a breakthrough deal on how to deal with the pressures of migration‚Ä¶ https://t.co/Opc9lS40ar,2018-06-29,2018-06-29 06:20:05-04:00,-0.2263,0.117,0.812,0.071
125,CBS News,Alaska volcano shows signs of eruption https://t.co/796AbG6cFj https://t.co/N0FWOHbHQb,2018-06-29,2018-06-29 06:03:03-04:00,0.0,0.0,1.0,0.0
126,CBS News,Feds charge 600 in opioid fraud that bilked $2B from government and insurers https://t.co/Va0ugDBh5I https://t.co/7ofgSpdcK3,2018-06-29,2018-06-29 05:48:04-04:00,-0.5859,0.213,0.787,0.0
127,CBS News,Melania Trump makes second solo trip to border https://t.co/t5Br9nZMI0 https://t.co/7CWpdZTt3e,2018-06-29,2018-06-29 05:33:03-04:00,0.0,0.0,1.0,0.0
128,CBS News,"Jamberry, the nail wrap seller, shuts down, leaves thousands of sales reps in a jam https://t.co/SjrAnizN7e https://t.co/aFFQG4IzZR",2018-06-29,2018-06-29 05:18:04-04:00,0.0,0.0,1.0,0.0
129,CBS News,"Walgreens' Dow entrance is a bust, thanks to Amazon https://t.co/CqoYud1Uih https://t.co/q3NkcyEqJ6",2018-06-29,2018-06-29 05:03:03-04:00,0.5574,0.0,0.635,0.365
130,CBS News,"After father's mysterious slaying at campsite, stories emerge of past shooting incidents https://t.co/iZxJxiD5Ni https://t.co/68MxKUMQy3",2018-06-29,2018-06-29 04:48:03-04:00,0.0,0.0,1.0,0.0
131,CBS News,German police investigate 21 deaths linked to poisoned sandwich case https://t.co/qAqzFqn5CL https://t.co/RB7i1m8AA9,2018-06-29,2018-06-29 04:33:04-04:00,-0.4939,0.225,0.775,0.0
132,CBS News,Portland ICE facility protesters moved by Homeland Security agents https://t.co/JrS6Pmdy9o https://t.co/7Z2xKZEV7s,2018-06-29,2018-06-29 04:18:04-04:00,0.128,0.143,0.677,0.18
133,CBS News,U.S. Steel expansions touted by President Trump not happening https://t.co/IXW0RiHtsE https://t.co/VM3rezRwTF,2018-06-29,2018-06-29 04:03:04-04:00,-0.0516,0.107,0.893,0.0
134,CBS News,New details on death on father shot at a California campground https://t.co/xJVKHILPHT https://t.co/DQ15ZBrZPU,2018-06-29,2018-06-29 03:48:03-04:00,-0.5994,0.262,0.738,0.0
135,CBS News,A look back at Joe Jackson's complicated relationship with his children https://t.co/8aQRTqj7FS https://t.co/ulwSuVn1Mz,2018-06-29,2018-06-29 03:33:03-04:00,0.0,0.0,1.0,0.0
136,CBS News,"""That's a child"": Video shows dramatic rescue of missing 2-year-old in the woods https://t.co/slw6IbYDy9 https://t.co/mg2Y05Sn2v",2018-06-29,2018-06-29 03:18:03-04:00,0.2732,0.126,0.686,0.189
137,CBS News,Utah doomsday cult leader gets at least 15 years for sodomizing child https://t.co/JUza29QiNZ https://t.co/a1JzQJWyzy,2018-06-29,2018-06-29 03:03:04-04:00,-0.5859,0.226,0.774,0.0
138,CBS News,"Woman dubbed ""Pool Patrol Paula"" charged with assaulting black teen at swimming pool https://t.co/Px4xUM2wAj https://t.co/Macu3liW6a",2018-06-29,2018-06-29 02:48:03-04:00,-0.6249,0.282,0.718,0.0
139,CBS News,Cause of death determined for woman found dismembered in Brooklyn park https://t.co/5jKSGp8csJ https://t.co/Ft4ZqieHy7,2018-06-29,2018-06-29 02:33:04-04:00,-0.3612,0.225,0.636,0.139
140,CBS News,"""Breaking Bad"" cast reunites for 10th anniversary https://t.co/9Hq3NuPSrY https://t.co/tKsIaHEqvS",2018-06-29,2018-06-29 02:18:04-04:00,-0.5423,0.304,0.696,0.0
141,CBS News,"Photo of Geoffrey the Giraffe leaving an empty Toys ""R"" Us store goes viral https://t.co/4ZlxkucMvG https://t.co/ss4MY6QKEf",2018-06-29,2018-06-29 02:03:04-04:00,-0.2023,0.107,0.893,0.0
142,CBS News,Wynonna Judd's daughter Grace Pauline Kelley sentenced to 8 years in prison https://t.co/lkSedTgURc https://t.co/a3ubwmwCJk,2018-06-29,2018-06-29 01:48:05-04:00,-0.1531,0.256,0.581,0.163
143,CBS News,"Woman dubbed ""Pool Patrol Paula"" charged with assaulting black teen at swimming pool https://t.co/cw9KyXs8NI https://t.co/Ss8kMe454S",2018-06-29,2018-06-29 01:33:03-04:00,-0.6249,0.282,0.718,0.0
144,CBS News,Man shot in head drives 20 miles in wrong direction for help https://t.co/esmGe3dCSo https://t.co/gIzdX59iFH,2018-06-29,2018-06-29 01:18:03-04:00,-0.1027,0.174,0.674,0.152
145,CBS News,"Trump calls Foxconn ""8th wonder of the world"" despite its cost https://t.co/gPTSdm91mx https://t.co/TKXhe157ty",2018-06-29,2018-06-29 01:03:04-04:00,0.0,0.0,1.0,0.0
146,CBS News,"Jamberry, the nail wrap seller, shuts down, leaves thousands of sales reps in a jam https://t.co/mEtgwsfsYd https://t.co/Fyf79vDNN5",2018-06-29,2018-06-29 00:48:03-04:00,0.0,0.0,1.0,0.0
147,CBS News,Man shot in head drives 20 miles in wrong direction for help https://t.co/MEeRxWN4XD https://t.co/rDT28ZfOfz,2018-06-29,2018-06-29 00:33:03-04:00,-0.1027,0.174,0.674,0.152
148,CBS News,"""That's a child"": Video shows dramatic rescue of missing 2-year-old in the woods https://t.co/GfVKABjR1u https://t.co/amkAV2EEwP",2018-06-29,2018-06-29 00:18:03-04:00,0.2732,0.126,0.686,0.189
149,CBS News,Portland ICE facility protesters moved by Homeland Security agents https://t.co/CNiJBW8lGr https://t.co/cJuIM19WyG,2018-06-29,2018-06-29 00:03:03-04:00,0.128,0.143,0.677,0.18
150,CBS News,"""Smelly"" airline passenger who caused emergency landing dies of tissue necrosis, reports say https://t.co/3cx58S12RO https://t.co/xhHNsjHGms",2018-06-28,2018-06-28 23:48:04-04:00,-0.3818,0.157,0.843,0.0
151,CBS News,New details on death on father shot at a California campground https://t.co/sNgkjAI5rq https://t.co/x8AHB7NUnj,2018-06-28,2018-06-28 23:33:03-04:00,-0.5994,0.262,0.738,0.0
152,CBS News,Heat wave to hit northeastern U.S. ahead of the July 4th holiday https://t.co/F3YuMB0Lu5 https://t.co/M9yOnjmSdP,2018-06-28,2018-06-28 23:18:03-04:00,0.4019,0.0,0.828,0.172
153,CBS News,"""Controlled burn"" in Florida accidentally torches dozens of homes across 800 acres https://t.co/WFb3ncvH3e https://t.co/Cwov8m4CxP",2018-06-28,2018-06-28 23:05:23-04:00,-0.34,0.156,0.844,0.0
154,CBS News,UPDATE: The names of the Maryland newspaper shooting victims have been released. Police say they were all employees‚Ä¶ https://t.co/Cscq0lLPft,2018-06-28,2018-06-28 22:35:02-04:00,-0.3182,0.113,0.887,0.0
155,CBS News,HAPPENING NOW: Police release the names of the 5 victims of the Maryland Newspaper shooting during press conference‚Ä¶ https://t.co/DXfL9bbPe3,2018-06-28,2018-06-28 22:15:31-04:00,-0.3182,0.119,0.881,0.0
156,CBS News,Who are the top 5 people being considered to replace Justice Anthony Kennedy? These are the possible front-runners:‚Ä¶ https://t.co/aSH4fd1Txs,2018-06-28,2018-06-28 21:39:56-04:00,0.6369,0.0,0.755,0.245
157,CBS News,Good Samaritan jumps into action to help a 67-year-old woman stranded in her wheelchair after it broke down on a Ge‚Ä¶ https://t.co/oTAz7VeYHB,2018-06-28,2018-06-28 21:19:30-04:00,0.4215,0.11,0.669,0.22
158,CBS News,Suspect in the deadly shooting at a Maryland newspaper building has been identified as a 38-year-old man‚Ä¶ https://t.co/kRgP3Sdz9D,2018-06-28,2018-06-28 21:05:05-04:00,-0.296,0.128,0.872,0.0
159,CBS News,"Real-life Lassie: A heroic husky saved a deaf hiker in the Alaskan backcountry last week and went viral. Then, his‚Ä¶ https://t.co/oQFQTMQZKk",2018-06-28,2018-06-28 20:59:38-04:00,0.7506,0.0,0.726,0.274
160,CBS News,"In his first television interview, ICE whistleblower James Schwab opened up about why he abruptly resigned as ICE's‚Ä¶ https://t.co/xJ3EWOe7HW",2018-06-28,2018-06-28 20:40:01-04:00,-0.25,0.1,0.9,0.0
161,CBS News,NEW: Suspect in #CapitalGazette shooting identified as a 38-year-old Maryland resident https://t.co/Cc5uAoLqGW https://t.co/qVwKhWBZok,2018-06-28,2018-06-28 20:36:23-04:00,-0.296,0.167,0.833,0.0
162,CBS News,"Maryland shooting witness says door to newspaper offices was ""blown to pieces"" by gunman https://t.co/hNACmLLbp6 https://t.co/ruvT4kdRdb",2018-06-28,2018-06-28 20:19:57-04:00,0.0,0.0,1.0,0.0
163,CBS News,"Law enforcement to reporters: ""We are here and we are invested and we will get this investigation right""‚Ä¶ https://t.co/OD8wD4EzQ7",2018-06-28,2018-06-28 20:18:10-04:00,0.0,0.0,1.0,0.0
164,CBS News,Maryland newspaper shooting: Police say the suspect lives in Maryland and that law enforcement is securing his resi‚Ä¶ https://t.co/EMlHkXD3jc,2018-06-28,2018-06-28 20:11:40-04:00,0.0258,0.102,0.791,0.107
165,CBS News,"HAPPENING NOW: Police provide updates on Maryland newspaper shooting, calling it a ""targeted attack.""‚Ä¶ https://t.co/qEzjBJwJEL",2018-06-28,2018-06-28 20:07:20-04:00,0.0,0.0,1.0,0.0
166,CBS News,WATCH: CBS News interview with ICE whistleblower interrupted by surprise visit from government agents‚Ä¶ https://t.co/1edxrGX5ev,2018-06-28,2018-06-28 20:00:20-04:00,-0.0258,0.127,0.751,0.121
167,CBS News,Rapper XXXTentacion attends his own funeral in music video released after his death https://t.co/hSQWE6dN8J https://t.co/WHUNcpWHMQ,2018-06-28,2018-06-28 19:39:35-04:00,-0.7506,0.33,0.67,0.0
168,CBS News,"NYPD, Chicago police deploy to media outlets out of caution after Maryland #CapitalGazette shooting‚Ä¶ https://t.co/iFoOnGxklb",2018-06-28,2018-06-28 19:19:54-04:00,0.0,0.0,1.0,0.0
169,CBS News,"After finding 67-year-old Belinda Whitaker stranded in her broken down wheelchair on his way to the gym, Bilal Quin‚Ä¶ https://t.co/U8C09kWJfk",2018-06-28,2018-06-28 19:04:34-04:00,-0.4767,0.14,0.86,0.0
170,CBS News,Maryland shooting suspect damaged his finger tips to thwart identification. Police are now turning to facial recogn‚Ä¶ https://t.co/4DyztNFGaF,2018-06-28,2018-06-28 18:59:41-04:00,-0.6249,0.242,0.758,0.0
171,CBS News,"It was supposed to be a ""controlled burn,"" a fire deliberately set to prevent future wildfires. It ended up burning‚Ä¶ https://t.co/e9fUE8JlkF",2018-06-28,2018-06-28 18:54:43-04:00,-0.3182,0.117,0.829,0.054
172,CBS News,"""They know it's a lie. It was just shocking to me that no one wanted to fix that."" ICE whistleblower opens up to‚Ä¶ https://t.co/QmHcBzICIK",2018-06-28,2018-06-28 18:52:01-04:00,-0.5994,0.189,0.811,0.0
173,CBS News,"For the next week, much of the country is expected to be smothered under what forecasters are calling a ""heat dome""‚Ä¶ https://t.co/lf2mcOlI6g",2018-06-28,2018-06-28 18:45:37-04:00,-0.2263,0.087,0.913,0.0
174,CBS News,There's a looming battle over the Supreme Court seat that's about to open up when Justice Anthony Kennedy retires a‚Ä¶ https://t.co/h2TuA7fIfQ,2018-06-28,2018-06-28 18:43:05-04:00,0.5994,0.151,0.59,0.258
175,CBS News,"""CBS News sources say the suspect has been uncooperative... Not only did he not have an I.D. on him, but sources sa‚Ä¶ https://t.co/Zd6ZjKmexU",2018-06-28,2018-06-28 18:40:14-04:00,-0.1531,0.068,0.932,0.0
176,CBS News,"Five people are dead, multiple people wounded in shooting at #CapitalGazette. 

Chip Reid has more from Annapolis,‚Ä¶ https://t.co/nPFhSHGAl0",2018-06-28,2018-06-28 18:36:36-04:00,-0.6486,0.202,0.798,0.0
177,CBS News,"Capitol Police charge nearly 600 people, including one congresswoman, of unlawfully demonstrating during a protest‚Ä¶ https://t.co/hB9nHvGpZl",2018-06-28,2018-06-28 18:26:06-04:00,0.0,0.0,1.0,0.0
178,CBS News,"""Clearly we need universal background checks and need to get rid of the military style assault weapons and private‚Ä¶ https://t.co/mg5WeGZh1u",2018-06-28,2018-06-28 18:23:49-04:00,-0.6124,0.254,0.644,0.102
179,CBS News,"""So Annapolis is a small, very tightly knit community. People know each other here. People know the reporters that‚Ä¶ https://t.co/Z4vTOzCxyx",2018-06-28,2018-06-28 18:12:45-04:00,0.0,0.0,1.0,0.0
180,CBS News,"""As a precaution, police in New York and Chicago have also been deployed to media organizations while the nature of‚Ä¶ https://t.co/7oBSMfDQn3",2018-06-28,2018-06-28 18:07:18-04:00,0.0,0.0,1.0,0.0
181,CBS News,CBS News has learned alleged gunman damaged his fingertips so law enforcement cannot identify him.‚Ä¶ https://t.co/8dYRHu9JBW,2018-06-28,2018-06-28 17:52:15-04:00,-0.4404,0.162,0.838,0.0
182,CBS News,"Latest on #CapitalGazette shooting:
-5 confirmed dead
-3 believed to be injured
-Approximately 170 people were evac‚Ä¶ https://t.co/Xx19laueQj",2018-06-28,2018-06-28 17:50:44-04:00,-0.7906,0.304,0.696,0.0
183,CBS News,"@CBSNews¬†""So the building as we speak is now tactically secured... It is secure as far as there are no more persons‚Ä¶ https://t.co/ocrjyOPZyr",2018-06-28,2018-06-28 17:45:49-04:00,0.0516,0.086,0.82,0.094
184,CBS News,"@CBSNews¬†""It could have been a lot worse,"" Anne Arundel County Executive Steve Schuh credits rapid emergency respon‚Ä¶ https://t.co/WEn9EOFQkz",2018-06-28,2018-06-28 17:42:01-04:00,-0.0258,0.123,0.758,0.118
185,CBS News,"Capital Gazette reporter tweets about deadly Maryland shooting: ""There is nothing more terrifying than hearing mult‚Ä¶ https://t.co/poLzyxSAdA",2018-06-28,2018-06-28 17:39:40-04:00,0.4964,0.0,0.833,0.167
186,CBS News,WATCH NOW: Officials give update on investigation into deadly #CapitalGazette shooting. https://t.co/eWjaC4dGlq https://t.co/X5s0gefbdr,2018-06-28,2018-06-28 17:39:34-04:00,0.0,0.0,1.0,0.0
187,CBS News,"""My thoughts and prayers are with the victims and their families"": President Trump tweets response to shooting at M‚Ä¶ https://t.co/6drDSwHGr9",2018-06-28,2018-06-28 17:35:49-04:00,-0.3182,0.108,0.892,0.0
188,CBS News,"""Just last week on Thursday they completed an active assailant exercise at a local school campus for this exact typ‚Ä¶ https://t.co/GDHVaP43pi",2018-06-28,2018-06-28 17:35:11-04:00,0.4019,0.0,0.876,0.124
189,CBS News,"""Devastated &amp; heartbroken. Numb...Just know that our reporters give all that they have every day,"" @adrianasdiaz re‚Ä¶ https://t.co/uGXHDn08Af",2018-06-28,2018-06-28 17:30:46-04:00,-0.8519,0.342,0.658,0.0
190,CBS News,"As the shooting began unfolding today at the Capital Gazette in Annapolis, some of the most chilling details came i‚Ä¶ https://t.co/oYxLoVH3DB",2018-06-28,2018-06-28 17:16:35-04:00,-0.101,0.065,0.935,0.0
191,CBS News,"MARYLAND NEWSPAPER SHOOTING: 5 dead, many others wounded after gunman opened fire on employees‚Ä¶ https://t.co/sdGDt6NKza",2018-06-28,2018-06-28 17:07:16-04:00,-0.7717,0.358,0.642,0.0
192,CBS News,"""My thoughts and prayers are with the victims and their families."" President Trump tweets on #CapitalGazette shooti‚Ä¶ https://t.co/LfBms5KjxQ",2018-06-28,2018-06-28 17:00:02-04:00,-0.3182,0.119,0.881,0.0
193,CBS News,"William Krampf, acting chief of police for Anne Arundel County, says five people dead in #CapitalGazette shooting a‚Ä¶ https://t.co/RjUneDDr4s",2018-06-28,2018-06-28 16:53:46-04:00,-0.6486,0.193,0.807,0.0
194,CBS News,"@CBSNews¬†""The shooter is in custody. I want to commend the public safety professionals who were very quick to the s‚Ä¶ https://t.co/JlaLCsHhAG",2018-06-28,2018-06-28 16:44:09-04:00,0.7184,0.0,0.72,0.28
195,CBS News,"@CBSNews¬†""There are several people who have died from this incident, and several others are injured. Those who are‚Ä¶ https://t.co/hDR5DYUvDK",2018-06-28,2018-06-28 16:42:39-04:00,-0.743,0.259,0.741,0.0
196,CBS News,"WATCH NOW: Authorities in Annapolis, Maryland, give briefing on shooting at #CapitalGazette. https://t.co/eWjaC4dGlq https://t.co/AliBbgtxBz",2018-06-28,2018-06-28 16:38:45-04:00,0.0,0.0,1.0,0.0
197,CBS News,"""We have just learned from CBS News law enforcement sources that the suspect is refusing to identify himself,""‚Ä¶ https://t.co/JfPycufXYL",2018-06-28,2018-06-28 16:35:30-04:00,-0.5994,0.224,0.776,0.0
198,CBS News,"Q: What does the use of a shotgun indicate to you?

CBS News security analyst Paul Violis: ""Violent disdain. A shot‚Ä¶ https://t.co/vH5rcZsqzj",2018-06-28,2018-06-28 16:30:57-04:00,-0.6808,0.265,0.644,0.091
199,CBS News,CBS News has learned gunman used a shotgun in #CapitalGazette shooting. https://t.co/eWjaC4dGlq https://t.co/E1pcTWRx1w,2018-06-28,2018-06-28 16:27:15-04:00,0.0,0.0,1.0,0.0
200,CNN,"IUDs are more than 99% effective in preventing pregnancy, and some can work up to 12 years, but a 2016 survey found‚Ä¶ https://t.co/T039p7yuad",2018-06-29,2018-06-29 08:04:43-04:00,0.2805,0.045,0.861,0.094
201,CNN,"Within minutes, it ""was like a war zone."" The Capital Gazette shooting marked the deadliest day for journalism in A‚Ä¶ https://t.co/leNyh8Aqx3",2018-06-29,2018-06-29 07:53:14-04:00,-0.34,0.16,0.738,0.102
202,CNN,"The suspect in the shooting at the Capital Gazette newspaper in Annapolis, Maryland, is being charged with five cou‚Ä¶ https://t.co/Rae2amml3L",2018-06-29,2018-06-29 07:42:24-04:00,-0.4588,0.182,0.818,0.0
203,CNN,Thousands of kids still haven't been reunited with their parents. Protesters ask: Where are the children?‚Ä¶ https://t.co/umFY4lB6E6,2018-06-29,2018-06-29 07:31:46-04:00,-0.2263,0.106,0.894,0.0
204,CNN,"Two writers from the Capital Gazette said ""thoughts and prayers"" aren't enough after a gunman attacked their newsro‚Ä¶ https://t.co/k4VORRLcBZ",2018-06-29,2018-06-29 07:21:32-04:00,-0.4588,0.15,0.85,0.0
205,CNN,"""Just be a kid, OK?"": Inside children's immigration hearings https://t.co/hWbycOkH4u https://t.co/lypG1alu4g",2018-06-29,2018-06-29 07:11:20-04:00,0.0,0.0,1.0,0.0
206,CNN,"An oil tanker exploded during rush hour traffic in Lagos, Nigeria, killing at least nine people and injuring at lea‚Ä¶ https://t.co/X0F1NTxB7G",2018-06-29,2018-06-29 07:00:01-04:00,-0.6597,0.18,0.82,0.0
207,CNN,"Capital Gazette shooting | What we know

‚Ä¢ 5 people killed in a shooting at Capital Gazette newsroom in Annapolis,‚Ä¶ https://t.co/wT8cTPCX5m",2018-06-29,2018-06-29 06:49:06-04:00,-0.6705,0.22,0.78,0.0
208,CNN,A harrowing parasailing accident left a woman drifting in the wind for 45 minutes https://t.co/gcwxlvMmRE https://t.co/vJtOgi4BMh,2018-06-29,2018-06-29 06:40:42-04:00,-0.4767,0.193,0.807,0.0
209,CNN,India has been named the most dangerous country in the world to be female. But these women and girls are learning h‚Ä¶ https://t.co/rPWEmYBFmC,2018-06-29,2018-06-29 06:30:04-04:00,-0.5256,0.134,0.866,0.0
210,CNN,Rescuers looking for 12 boys and their soccer coach in Thailand have discovered a hidden opening deep in the jungle‚Ä¶ https://t.co/hWQkswfrDy,2018-06-29,2018-06-29 06:23:34-04:00,0.0,0.0,1.0,0.0
211,CNN,The UK is facing a crumpet crisis https://t.co/qci4XpuTXZ,2018-06-29,2018-06-29 06:07:01-04:00,-0.6249,0.406,0.594,0.0
212,CNN,"After the shooting in Annapolis, Maryland, staffers at the Capital Gazette are still putting out a newspaper‚Ä¶ https://t.co/GNzM94Rfkh",2018-06-29,2018-06-29 05:50:28-04:00,0.0,0.0,1.0,0.0
213,CNN,"Two writers from the Capital Gazette said ""thoughts and prayers"" aren't enough after a gunman attacked their newsro‚Ä¶ https://t.co/FQxk7jRkyA",2018-06-29,2018-06-29 05:44:02-04:00,-0.4588,0.15,0.85,0.0
214,CNN,Rescuers looking for 12 boys and their soccer coach in Thailand have discovered a hidden opening deep in the jungle‚Ä¶ https://t.co/2NlnSxtjqe,2018-06-29,2018-06-29 05:33:02-04:00,0.0,0.0,1.0,0.0
215,CNN,"Jahi McMath, an Oakland teenager whose brain-death following a routine tonsil surgery in 2013 created national head‚Ä¶ https://t.co/turEuV0NWM",2018-06-29,2018-06-29 05:22:51-04:00,0.25,0.0,0.889,0.111
216,CNN,British defense company BAE Systems secures a $26 billion deal to build new warships for Australia‚Ä¶ https://t.co/vAWaEYzIwV,2018-06-29,2018-06-29 05:22:06-04:00,0.3182,0.082,0.71,0.208
217,CNN,A change in wind direction has allowed Bali's international airport to reopen after it closed temporarily on Friday‚Ä¶ https://t.co/hDnxCdUgfb,2018-06-29,2018-06-29 05:06:46-04:00,0.0,0.0,1.0,0.0
218,CNN,"Within minutes, it ""was like a war zone."" The Capital Gazette shooting marked the deadliest day for journalism in A‚Ä¶ https://t.co/SS9CZoQari",2018-06-29,2018-06-29 04:55:04-04:00,-0.34,0.16,0.738,0.102
219,CNN,"""I stumbled upon yoga to save my life, basically, and I knew that I found something special."" Contemplating suicide‚Ä¶ https://t.co/sTZ665CVTm",2018-06-29,2018-06-29 04:48:06-04:00,0.4939,0.0,0.842,0.158
220,CNN,Ballet dancers showcase Hong Kong in gravity-defying images https://t.co/rFBEzuZaXY via @CNNTravel https://t.co/sNCnJuoV9O,2018-06-29,2018-06-29 04:46:06-04:00,0.0,0.0,1.0,0.0
221,CNN,"South Korea jails more conscientious objectors than any other country, but that may be about to change https://t.co/A1nWgD7m9w",2018-06-29,2018-06-29 04:42:06-04:00,0.0,0.0,1.0,0.0
222,CNN,"The suspect in the shooting at the Capital Gazette newspaper in Annapolis, Maryland, is being charged with five cou‚Ä¶ https://t.co/VH8JuXyMqU",2018-06-29,2018-06-29 04:30:03-04:00,-0.4588,0.182,0.818,0.0
223,CNN,"The suspect in the shooting at the Capital Gazette newspaper in Annapolis, Maryland, has been charged with five cou‚Ä¶ https://t.co/nxfbOlNYjZ",2018-06-29,2018-06-29 04:18:20-04:00,-0.4588,0.182,0.818,0.0
224,CNN,Court documents show the man suspected of killing five people at a Maryland newspaper had filed a defamation suit a‚Ä¶ https://t.co/hyQNFI4EZk,2018-06-29,2018-06-29 03:40:10-04:00,-0.743,0.27,0.73,0.0
225,CNN,These are the victims of the Capital Gazette newsroom shooting https://t.co/ygYsJQ5zfx https://t.co/LbcaQBkolS,2018-06-29,2018-06-29 03:29:49-04:00,-0.3182,0.173,0.827,0.0
226,CNN,"Forget the football, Vladimir Putin is the real World Cup winner | Analysis by Nathan Hodge https://t.co/PIqujcRopT https://t.co/YyLW0GjQo6",2018-06-29,2018-06-29 03:21:05-04:00,0.4404,0.092,0.725,0.184
227,CNN,State Department has requested that US Marines be sent to Taiwan to help safeguard America's de facto embassy there‚Ä¶ https://t.co/Sg1LSrhlkR,2018-06-29,2018-06-29 03:11:53-04:00,0.6486,0.0,0.773,0.227
228,CNN,Bali has closed its international airport after Mount Agung volcano began spewing volcanic ash and vapor higher tha‚Ä¶ https://t.co/DAawssEsEN,2018-06-29,2018-06-29 02:59:06-04:00,0.0,0.0,1.0,0.0
229,CNN,Australia wins landmark victory at the World Trade Organization -- the country's stringent laws requiring plain pac‚Ä¶ https://t.co/6uECXCXciK,2018-06-29,2018-06-29 02:51:03-04:00,0.6124,0.0,0.762,0.238
230,CNN,"Tiny house living may not be for everyone, but tiny house resorts have popped up all over the country, offering eve‚Ä¶ https://t.co/zXphbZpxcC",2018-06-29,2018-06-29 02:31:00-04:00,0.0,0.0,1.0,0.0
231,CNN,EU leaders have averted the collapse of a key summit with a deal struck on migration in the early hours of Friday m‚Ä¶ https://t.co/sKVRgk4Ebb,2018-06-29,2018-06-29 02:23:05-04:00,-0.6705,0.255,0.745,0.0
232,CNN,Meet Miquela: The CGI Instagram star making brands real money ‚Äî even though she's not a real human‚Ä¶ https://t.co/3xugZa7hbo,2018-06-29,2018-06-29 02:11:09-04:00,0.0,0.0,1.0,0.0
233,CNN,Amazon has launched a new program that allows you to start your own small business delivering Prime packages ‚Äî the‚Ä¶ https://t.co/gEGg4OEsuM,2018-06-29,2018-06-29 02:01:00-04:00,0.296,0.0,0.842,0.158
234,CNN,"In a retail industry beset by problems, H&amp;M has a stockpile of unsold clothes worth $4 billion‚Ä¶ https://t.co/q7AuPCcgqr",2018-06-29,2018-06-29 01:56:16-04:00,-0.2023,0.145,0.753,0.102
235,CNN,Sen. @CoryBooker: 'Push pause' on Supreme Court nominee until after Russia probe https://t.co/hpAxte7ZTH https://t.co/cUSnJEd89B,2018-06-29,2018-06-29 01:51:41-04:00,0.5574,0.0,0.783,0.217
236,CNN,Ballet dancers showcase Hong Kong in gravity-defying images https://t.co/8hRdCIsKGw via @CNNTravel https://t.co/fn6yaCdx4s,2018-06-29,2018-06-29 01:46:08-04:00,0.0,0.0,1.0,0.0
237,CNN,"RT @CNNTonight: Rep. Jayapal was arrested while protesting Trump's immigration policy

 ""What people were doing today is drawing attention‚Ä¶",2018-06-29,2018-06-29 01:36:26-04:00,-0.7096,0.258,0.742,0.0
238,CNN,Boeing's hypersonic passenger plane could get you from New York to London in 2 hours https://t.co/wnmxeae4Ox https://t.co/QXABxdluHn,2018-06-29,2018-06-29 01:31:09-04:00,0.0,0.0,1.0,0.0
239,CNN,A Neolithic trackway dating to 2300 BC was uncovered in a nondescript field on the east coast of England‚Ä¶ https://t.co/WGiE3fUnFA,2018-06-29,2018-06-29 01:16:03-04:00,0.0,0.0,1.0,0.0
240,CNN,How the impact of a trade war between the United States and China could spill into other Asian economies‚Ä¶ https://t.co/LuhgcowF9w,2018-06-29,2018-06-29 01:01:07-04:00,-0.2732,0.165,0.717,0.118
241,CNN,"Aston Martin brings back the Superleggera as a powerful new $300,000 supercar https://t.co/9nesdQE6WF https://t.co/9q1PiOhpQ7",2018-06-29,2018-06-29 00:46:00-04:00,0.4215,0.0,0.811,0.189
242,CNN,"Spider-Man, Captain America, and other superheroes dropped by a children's hospital in Iowa to give the kids a thri‚Ä¶ https://t.co/gg0SG7zq29",2018-06-29,2018-06-29 00:31:00-04:00,0.0,0.0,1.0,0.0
243,CNN,The FDR Library and Museum released rare video of Franklin D. Roosevelt walking https://t.co/xUMKmgw8po https://t.co/zWjFJSdafM,2018-06-29,2018-06-29 00:17:15-04:00,0.0,0.0,1.0,0.0
244,CNN,"""Korea, brother, you're now Mexican."" Hundreds of jubilant Mexican soccer fans rushed to the South Korean embassy i‚Ä¶ https://t.co/9kubkR5PR2",2018-06-29,2018-06-29 00:01:00-04:00,0.6124,0.0,0.818,0.182
245,CNN,Amazon is buying online pharmacy PillPack -- a move that could disrupt the drug store business https://t.co/DkTdQEI1iT,2018-06-28,2018-06-28 23:46:04-04:00,0.1779,0.0,0.898,0.102
246,CNN,"""Just be a kid, OK?"": Inside children's immigration hearings https://t.co/YLOaAmNqD9 https://t.co/R5SXXagHUY",2018-06-28,2018-06-28 23:31:04-04:00,0.0,0.0,1.0,0.0
247,CNN,"RT @CNNTonight: ""This could be a moment where we see a judge in the next few months appointed and states -- one state, five states, ten sta‚Ä¶",2018-06-28,2018-06-28 23:17:56-04:00,0.0,0.0,1.0,0.0
248,CNN,President Donald Trump met with key senators at the White House as the administration goes into a full-court press‚Ä¶ https://t.co/GPAM0su0gb,2018-06-28,2018-06-28 23:16:04-04:00,0.0,0.0,1.0,0.0
249,CNN,White House puts Supreme Court search on overdrive to announce pick by July 9 https://t.co/uD3i3IBpk8 https://t.co/Tyn9C5ZZrn,2018-06-28,2018-06-28 23:01:06-04:00,0.5574,0.0,0.795,0.205
250,CNN,"Rep. Luis Gutierrez: ""If you walk away from anything in this hearing it's that (Republicans) want to give the Presi‚Ä¶ https://t.co/A9j7Xco9IJ",2018-06-28,2018-06-28 22:57:29-04:00,0.0772,0.0,0.939,0.061
251,CNN,"The victims in the shooting at the Capital Gazette in Annapolis, Maryland, have been identified. These are their na‚Ä¶ https://t.co/1LdsaAaNDZ",2018-06-28,2018-06-28 22:51:38-04:00,-0.3182,0.108,0.892,0.0
252,CNN,President Donald Trump's frequent jabs at Sen. John McCain on the campaign trail have angered fellow Senate Republi‚Ä¶ https://t.co/KR88mXkfcO,2018-06-28,2018-06-28 22:46:06-04:00,-0.5106,0.155,0.845,0.0
253,CNN,"RT @CuomoPrimeTime: .@ChrisCuomo: Today, another example of a gun violence pandemic our society  is maddeningly willing to accept.

It is a‚Ä¶",2018-06-28,2018-06-28 22:40:10-04:00,-0.5994,0.249,0.651,0.1
254,CNN,"After the shooting in Annapolis, Maryland, staffers at the Capital Gazette are still putting out a newspaper‚Ä¶ https://t.co/vFsQEv2tva",2018-06-28,2018-06-28 22:36:06-04:00,0.0,0.0,1.0,0.0
255,CNN,California just passed the nation's toughest data privacy law https://t.co/RIlIZNge4w https://t.co/aCpFLMrL7M,2018-06-28,2018-06-28 22:31:08-04:00,-0.0772,0.115,0.885,0.0
256,CNN,RT @CuomoPrimeTime: .@ChrisCuomo: ‚ÄúI‚Äôve never seen anger or animus lead to anything but more of the same ‚Äì‚Äì anger is not the antidote to an‚Ä¶,2018-06-28,2018-06-28 22:30:38-04:00,0.7181,0.0,0.793,0.207
257,CNN,"RT @CNNTonight: ""I feel like I lost members of my own family,"" says journalist @BrianKarem about the deadly shooting at the Capital Gazette‚Ä¶",2018-06-28,2018-06-28 22:28:42-04:00,0.0516,0.093,0.806,0.101
258,CNN,"Five people were killed in a shooting inside the newsroom at the Capital Gazette newspaper office in Annapolis, Mar‚Ä¶ https://t.co/Gjq02dXGtY",2018-06-28,2018-06-28 22:26:18-04:00,-0.6705,0.2,0.8,0.0
259,CNN,"This woman says she had a normal life in Honduras' capitol -- a home, a job and a son she'd do anything to protect.‚Ä¶ https://t.co/Vx2LHsfbyV",2018-06-28,2018-06-28 22:16:02-04:00,0.0,0.0,1.0,0.0
260,CNN,RT @CNNTonight: HAPPENING NOW: Police give an update on the Maryland newspaper shooting https://t.co/2r5gjzszrA  https://t.co/Eoz2g9rTdF,2018-06-28,2018-06-28 22:15:38-04:00,0.0,0.0,1.0,0.0
261,CNN,"RT @CuomoPrimeTime: ""They want to give the President a trophy, and the trophy is Rosenstein's head on a platter,"" says Democrat @RepGutierr‚Ä¶",2018-06-28,2018-06-28 22:01:26-04:00,0.0772,0.0,0.936,0.064
262,CNN,"President Donald Trump finally has an ambassador to South Korea, as the Senate confirmed retired Navy Adm. Harry Ha‚Ä¶ https://t.co/XXsUh6eefQ",2018-06-28,2018-06-28 22:01:08-04:00,0.0,0.0,1.0,0.0
263,CNN,Italy will block a summit of EU countries from issuing a joint statement on a range of important regional issues un‚Ä¶ https://t.co/gnUSuCkAZ5,2018-06-28,2018-06-28 21:51:05-04:00,-0.2732,0.134,0.783,0.083
264,CNN,The attack at the Capital Gazette newspaper is the deadliest day for journalism in America in several years‚Ä¶ https://t.co/XTkRcFDC6f,2018-06-28,2018-06-28 21:41:08-04:00,-0.4767,0.147,0.853,0.0
265,CNN,"The White House insists that chief of staff John Kelly isn't going anywhere, but it's a familiar refrain‚Ä¶ https://t.co/TqGpeUWHsn",2018-06-28,2018-06-28 21:31:05-04:00,0.0,0.0,1.0,0.0
266,CNN,Donald Trump doesn't think Russia meddled in 2016 | Analysis by @CillizzaCNN https://t.co/rw2G5sgulg https://t.co/0xYw7pshec,2018-06-28,2018-06-28 21:21:09-04:00,0.0,0.0,1.0,0.0
267,CNN,RT @AC360: ‚ÄúI‚Äôve heard that Pres. Trump sent his prayers. I‚Äôm not trying to make this political right? But we need more than prayers‚Ä¶ I wan‚Ä¶,2018-06-28,2018-06-28 21:20:14-04:00,0.0,0.0,1.0,0.0
268,CNN,The Senate passes their version of the farm bill before a weeklong recess https://t.co/zsxzhEPCbv https://t.co/gGxZt6VmGT,2018-06-28,2018-06-28 21:11:03-04:00,0.0,0.0,1.0,0.0
269,CNN,"In 2012, Luke Mickelson was shocked to learn that children in his community slept on the floor. So he quit his high‚Ä¶ https://t.co/52c1zx6n7D",2018-06-28,2018-06-28 21:01:00-04:00,-0.3182,0.095,0.905,0.0
270,CNN,"More than 400 million people use Instagram Stories each day, which makes it twice as popular as Snapchat‚Ä¶ https://t.co/OMkXsXLpCe",2018-06-28,2018-06-28 20:59:16-04:00,0.4215,0.0,0.865,0.135
271,CNN,Amazon could radically change how you get prescriptions https://t.co/eUnwYDk4PM https://t.co/A7hSYSrRKj,2018-06-28,2018-06-28 20:58:37-04:00,0.1779,0.0,0.841,0.159
272,CNN,"In 2012, Luke Mickelson was shocked to learn that children in his community slept on the floor. So he quit his high‚Ä¶ https://t.co/8JSnkW2brc",2018-06-28,2018-06-28 20:53:54-04:00,-0.3182,0.095,0.905,0.0
273,CNN,Democratic Rep. Maxine Waters canceled two scheduled appearances in Alabama and Texas this weekend after saying she‚Ä¶ https://t.co/Mem2RiSqn8,2018-06-28,2018-06-28 20:42:40-04:00,0.0,0.0,1.0,0.0
274,CNN,Amazon has launched a new program that allows you to start your own small business delivering Prime packages ‚Äî the‚Ä¶ https://t.co/OVfwkmqJAJ,2018-06-28,2018-06-28 20:35:20-04:00,0.296,0.0,0.842,0.158
275,CNN,"""This was a targeted attack on the Capital Gazette,"" said Anne Arundel County Acting Chief William Krampf, speaking‚Ä¶ https://t.co/NWFcFE50zH",2018-06-28,2018-06-28 20:27:35-04:00,-0.4767,0.154,0.846,0.0
276,CNN,"The crisis in Venezuela poses a threat to the security of the United States and countries in the region, US Vice Pr‚Ä¶ https://t.co/ipK4rwBlcs",2018-06-28,2018-06-28 20:11:06-04:00,-0.5106,0.244,0.586,0.169
277,CNN,"In a retail industry beset by problems, H&amp;M has a stockpile of unsold clothes worth $4 billion‚Ä¶ https://t.co/nw5qVhlRZu",2018-06-28,2018-06-28 20:04:22-04:00,-0.2023,0.145,0.753,0.102
278,CNN,A harrowing parasailing accident left a woman drifting in the wind for 45 minutes https://t.co/PfdOa7TVWd https://t.co/2o6ExXoqdv,2018-06-28,2018-06-28 20:01:06-04:00,-0.4767,0.193,0.807,0.0
279,CNN,A hedge fund billionaire wants Rupert Murdoch to keep Comcast in the running for 21st Century Fox‚Ä¶ https://t.co/6tpDtJTzgE,2018-06-28,2018-06-28 19:52:57-04:00,0.0,0.0,1.0,0.0
280,CNN,"""Don't get cute with us."" As Trump took a victory lap at the groundbreaking for a $10 billion Foxconn plant in Wisc‚Ä¶ https://t.co/ObDPR91jVE",2018-06-28,2018-06-28 19:51:13-04:00,-0.357,0.11,0.89,0.0
281,CNN,"RT @OutFrontCNN: ""It's a village, and we're devastated,"" says Annapolis Mayor Gavin Buckley of the Capital Gazette shooting, adding ""it's t‚Ä¶",2018-06-28,2018-06-28 19:42:36-04:00,0.0,0.0,1.0,0.0
282,CNN,"""I wanted to show my support for the folks here today."" Democratic Sen. Tammy Duckworth brought her infant daughter‚Ä¶ https://t.co/tDTM28d09r",2018-06-28,2018-06-28 19:39:47-04:00,0.4019,0.0,0.876,0.124
283,CNN,Thousands of kids still haven't been reunited with their parents. Protesters ask: Where are the children?‚Ä¶ https://t.co/bgL0wYzZ1A,2018-06-28,2018-06-28 19:36:08-04:00,-0.2263,0.106,0.894,0.0
284,CNN,"An oil tanker exploded during rush hour traffic in Lagos, Nigeria, killing at least nine people and injuring at lea‚Ä¶ https://t.co/m6wVO5OXtl",2018-06-28,2018-06-28 19:18:50-04:00,-0.6597,0.18,0.82,0.0
285,CNN,"Asked about whether Donald Trump deserves to be re-elected as President, around 55% of registered voters in Arizona‚Ä¶ https://t.co/vLhvF515y2",2018-06-28,2018-06-28 19:01:03-04:00,0.0,0.0,1.0,0.0
286,CNN,"Spider-Man, Captain America, and other superheroes dropped by a children's hospital in Iowa to give the kids a thri‚Ä¶ https://t.co/gKyeOUNsCQ",2018-06-28,2018-06-28 19:01:00-04:00,0.0,0.0,1.0,0.0
287,CNN,President Donald Trump's nominee to head the IRS owns a stake in two rental units at a Trump-branded hotel in Hawai‚Ä¶ https://t.co/mMw2Zw96R3,2018-06-28,2018-06-28 18:51:08-04:00,0.0,0.0,1.0,0.0
288,CNN,"The suspect in the shooting at the Capital Gazette building in Annapolis, Maryland, was found hiding under a desk,‚Ä¶ https://t.co/blWiAwqaC0",2018-06-28,2018-06-28 18:45:52-04:00,-0.5267,0.206,0.794,0.0
289,CNN,"""Take it from the Terminator, you're only supposed to go back in time to protect future generations."" Arnold Schwar‚Ä¶ https://t.co/bxuOvqXPr4",2018-06-28,2018-06-28 18:41:08-04:00,0.3818,0.0,0.88,0.12
290,CNN,"""Korea, brother, you're now Mexican."" Hundreds of jubilant Mexican soccer fans rushed to the South Korean embassy i‚Ä¶ https://t.co/ndR9IFCwuL",2018-06-28,2018-06-28 18:36:00-04:00,0.6124,0.0,0.818,0.182
291,CNN,"Nearly 60 million people are under some type of heat watch, warning or advisory from the National Weather Service a‚Ä¶ https://t.co/RIAW7A5t2q",2018-06-28,2018-06-28 18:31:43-04:00,-0.34,0.107,0.893,0.0
292,CNN,"IUDs are more than 99% effective in preventing pregnancy, and some can work up to 12 years, but a 2016 survey found‚Ä¶ https://t.co/FW4ZmbxqBt",2018-06-28,2018-06-28 18:27:41-04:00,0.2805,0.045,0.861,0.094
293,CNN,At least five people are dead and several others are injured in the shooting at the Capital Gazette building in Ann‚Ä¶ https://t.co/GSNgWCrRwR,2018-06-28,2018-06-28 18:23:31-04:00,-0.7906,0.259,0.741,0.0
294,CNN,"Aston Martin brings back the Superleggera as a powerful new $300,000 supercar https://t.co/9nesdQE6WF https://t.co/wHhvqkE0dK",2018-06-28,2018-06-28 18:09:47-04:00,0.4215,0.0,0.811,0.189
295,CNN,"RT @CNNSitRoom: Suspect in the Capital Gazette shooting ‚Äúhas not been particularly cooperative,‚Äù Anne Arundel County Executive Steve Schuh‚Ä¶",2018-06-28,2018-06-28 18:06:54-04:00,-0.296,0.109,0.891,0.0
296,CNN,Guinness is opening its first American brewery in 64 years https://t.co/boi61328Dc https://t.co/2nVwrXGZhp,2018-06-28,2018-06-28 18:03:35-04:00,0.0,0.0,1.0,0.0
297,CNN,"In key states, voters want to see Trump alternatives in 2020 https://t.co/39YdGEiMhs https://t.co/cY1zaomBPw",2018-06-28,2018-06-28 17:56:38-04:00,0.0772,0.0,0.902,0.098
298,CNN,Now the Supreme Court will be as polarized as the country | By Barbara A. Perry via @CNNOpinion‚Ä¶ https://t.co/Sj03lQ7OmO,2018-06-28,2018-06-28 17:35:29-04:00,0.5574,0.0,0.825,0.175
299,CNN,"In the final group stage game of this World Cup, England and Belgium faced the bizarre prospect of competing in a m‚Ä¶ https://t.co/y2q4WdihZN",2018-06-28,2018-06-28 17:28:58-04:00,-0.0258,0.094,0.816,0.09
300,Fox News,"RT @FoxBusiness: .@larry_kudlow: ""The war against business is over."" https://t.co/t1373NI1SN",2018-06-29,2018-06-29 08:10:36-04:00,-0.5994,0.302,0.698,0.0
301,Fox News,"RT @FoxBusiness: .@larry_kudlow: ""Money, capital, investment... for new jobs and better careers, flowing in from all corners of the world.""‚Ä¶",2018-06-29,2018-06-29 08:10:33-04:00,0.4404,0.0,0.868,0.132
302,Fox News,"RT @FoxBusiness: .@larry_kudlow: ""It's a very healthy economy right now. Folks said it couldn't be done."" https://t.co/y0gBywmq6I",2018-06-29,2018-06-29 08:10:30-04:00,0.4576,0.0,0.834,0.166
303,Fox News,#CapitalGazette publishes this morning; @GriffJenkins reports. https://t.co/0X1ErTOPe6 https://t.co/KkjCbbnBO4,2018-06-29,2018-06-29 08:08:01-04:00,0.0,0.0,1.0,0.0
304,Fox News,"Capital Gazette puts out next-day 'damn paper,' as promised https://t.co/qYZjdCKm6m",2018-06-29,2018-06-29 08:00:36-04:00,-0.0516,0.205,0.606,0.189
305,Fox News,"Moments ago on @foxandfriends, @RealDeanCain praised the first responders who showed up on the scene of the Capital‚Ä¶ https://t.co/kzvxxOZs9O",2018-06-29,2018-06-29 07:58:00-04:00,0.4939,0.0,0.849,0.151
306,Fox News,".@POTUS: ""We have to pick one that's gonna be there for 40 years, 45 years."" https://t.co/l4fCKfVUQ2",2018-06-29,2018-06-29 07:56:36-04:00,0.0,0.0,1.0,0.0
307,Fox News,Double-amputee Army veteran dies while paddle boarding https://t.co/uezUjElDPa,2018-06-29,2018-06-29 07:53:10-04:00,0.0,0.0,1.0,0.0
308,Fox News,"RT @FoxBusiness: Capital Gazette puts out next-day 'damn paper,' as promised https://t.co/xnFu9dEhR1 https://t.co/3lGRueN4Mb",2018-06-29,2018-06-29 07:52:54-04:00,-0.0516,0.167,0.679,0.154
309,Fox News,"RT @FoxBusiness: .@KellyannePolls: ""The president has made very clear that he thinks people who are members of a group like NATO should pay‚Ä¶",2018-06-29,2018-06-29 07:50:45-04:00,0.659,0.0,0.788,0.212
310,Fox News,COMING UP at 8:30a ET on @foxandfriends: Acting @ICEgov Dir. Thomas Homan - Tune in now! https://t.co/g2Ud9Cbxwf,2018-06-29,2018-06-29 07:49:58-04:00,0.0,0.0,1.0,0.0
311,Fox News,News Alert: 85 illegals found in stash houses near border. https://t.co/cmE2O8oYMu,2018-06-29,2018-06-29 07:46:10-04:00,0.296,0.0,0.82,0.18
312,Fox News,"RT @FoxBusiness: .@KellyannePolls on the Supreme Court union ruling: ""You may look it as a blow to unions but it's real buoyancy for freedo‚Ä¶",2018-06-29,2018-06-29 07:43:46-04:00,0.3182,0.0,0.905,0.095
313,Fox News,"RT @FoxBusiness: .@KellyannePolls on @POTUS: ""He believes in fairness. Equality of opportunity, not equality of outcomes. There's a big dif‚Ä¶",2018-06-29,2018-06-29 07:43:40-04:00,0.4215,0.0,0.865,0.135
314,Fox News,"RT @FoxBusiness: .@SecretaryAcosta: ""We've never had an economy where we have more open jobs than we have job seekers."" https://t.co/SSDoOK‚Ä¶",2018-06-29,2018-06-29 07:43:37-04:00,0.0,0.0,1.0,0.0
315,Fox News,"RT @FoxBusiness: .@SecretaryAcosta: ""More and more people are starting to work."" https://t.co/BVFt23xxJP",2018-06-29,2018-06-29 07:43:34-04:00,0.0,0.0,1.0,0.0
316,Fox News,"RT @FoxBusiness: .@SecretaryAcosta: ""We've had one million new jobs alone since the tax cut... Everyone is winning with these tax cuts."" ht‚Ä¶",2018-06-29,2018-06-29 07:43:31-04:00,0.34,0.079,0.787,0.134
317,Fox News,Woman met man on 'Farmers Only' then killed him: cops https://t.co/Tdp4yNamJf,2018-06-29,2018-06-29 07:35:40-04:00,-0.6705,0.31,0.69,0.0
318,Fox News,".@RealDeanCain: ""Law enforcement has to walk that very fine line. It's a really difficult job. They don't get enoug‚Ä¶ https://t.co/VMkVhOmnJy",2018-06-29,2018-06-29 07:30:45-04:00,-0.1779,0.128,0.777,0.096
319,Fox News,.@newtgingrich: We need welfare reform now ‚Äì Here‚Äôs why https://t.co/NvgT3ptcnw,2018-06-29,2018-06-29 07:30:01-04:00,0.0,0.0,1.0,0.0
320,Fox News,"RT @FoxFriendsFirst: ‚ÄúJustice Kennedy was a titan of the Supreme Court‚Äù ‚Äì Constitutional attorney, Mark W. Smith, on Justice Anthony Kenned‚Ä¶",2018-06-29,2018-06-29 07:29:00-04:00,0.7906,0.0,0.708,0.292
321,Fox News,"DB Cooper letter reveals hijacker's true identity, sleuths claim https://t.co/TGQyu6mTbZ",2018-06-29,2018-06-29 07:27:56-04:00,0.4215,0.0,0.763,0.237
322,Fox News,AT&amp;T is raising your phone bill by $1 billion https://t.co/pJBZJFrKI5,2018-06-29,2018-06-29 07:15:00-04:00,0.0,0.0,1.0,0.0
323,Fox News,".@GovMikeHuckabee: ""Democrats have alienated the Evangelical voters more than they ever have and I don't see it com‚Ä¶ https://t.co/9nzDkgCajB",2018-06-29,2018-06-29 06:50:00-04:00,0.0,0.0,1.0,0.0
324,Fox News,.@mgoodwin_nypost: Lashing out over Trump is nothing new for liberals https://t.co/lw5T6XG22k,2018-06-29,2018-06-29 06:34:00-04:00,0.0,0.0,1.0,0.0
325,Fox News,.@SenTedCruz: ‚ÄúThis could well prove to be the most significant thing President Trump does in his entire time in of‚Ä¶ https://t.co/nFZdia67kw,2018-06-29,2018-06-29 06:18:00-04:00,0.4927,0.0,0.819,0.181
326,Fox News,JUST IN: Suspect in Capital Gazette killings charged with 5 counts of first-degree murder https://t.co/HaqetQoxAg,2018-06-29,2018-06-29 06:07:59-04:00,-0.9217,0.569,0.431,0.0
327,Fox News,OPINION: Replacing Kennedy on the Supreme Court will set off political warfare https://t.co/oPYKWzc9rM,2018-06-29,2018-06-29 06:04:00-04:00,0.34,0.131,0.655,0.214
328,Fox News,NASA delays launch of James Webb Space Telescope again ‚Äî this time to 2021  https://t.co/Cwlr3qVrnl,2018-06-29,2018-06-29 05:45:00-04:00,0.0,0.0,1.0,0.0
329,Fox News,".@RepDeSantis: ""I think that the folks who come illegally, if they come with minors, they should be reunited with t‚Ä¶ https://t.co/kyswHV275g",2018-06-29,2018-06-29 05:30:00-04:00,0.0,0.0,1.0,0.0
330,Fox News,Pennsylvania homes raided in investigation into mystery explosions https://t.co/0bbVlLkEzc,2018-06-29,2018-06-29 05:15:00-04:00,0.0,0.0,1.0,0.0
331,Fox News,"Sen. Mike Lee and brother, Thomas Lee, both being considered to replace Kennedy on Supreme Court https://t.co/mT5yVlgoVv",2018-06-29,2018-06-29 05:03:00-04:00,0.5574,0.0,0.816,0.184
332,Fox News,Ex-Clinton adviser blasts Hillary's 'miserable' outreach to evangelicals https://t.co/OdL0V2OJAL,2018-06-29,2018-06-29 04:45:00-04:00,0.2732,0.0,0.792,0.208
333,Fox News,Bolton visits Moscow to talk possible US-Russia summit https://t.co/nJn4NnQ6Uw,2018-06-29,2018-06-29 04:20:00-04:00,0.0,0.0,1.0,0.0
334,Fox News,.@FLOTUS makes trip to border 'on behalf of children and the families' https://t.co/6JBeRkfSrB,2018-06-29,2018-06-29 03:59:00-04:00,0.0,0.0,1.0,0.0
335,Fox News,"Gorbachev: Putin, Trump should focus on arms control https://t.co/wgLnR1pAu2",2018-06-29,2018-06-29 03:45:00-04:00,0.0,0.0,1.0,0.0
336,Fox News,".@adamputnam on @POTUS' next Supreme Court justice pick: ""Yes we need a constitutionalist on the bench, someone who‚Ä¶ https://t.co/TBcxo0Txwm",2018-06-29,2018-06-29 03:30:00-04:00,0.8658,0.0,0.607,0.393
337,Fox News,".@RepDeSantis on @POTUS' tariffs: ""He's trying to get concessions on behalf of the American people, and I think we‚Ä¶ https://t.co/e87Di6tcsx",2018-06-29,2018-06-29 03:15:00-04:00,0.0,0.0,1.0,0.0
338,Fox News,Entire California ghost town for sale for under $1 million https://t.co/23V29ES1BD,2018-06-29,2018-06-29 03:00:00-04:00,-0.3182,0.187,0.813,0.0
339,Fox News,Trump: 'Already started' considering possible replacements for Justice Kennedy https://t.co/9jtHXCRtfo,2018-06-29,2018-06-29 02:45:00-04:00,0.5267,0.0,0.726,0.274
340,Fox News,Gowdy rips Rosenstein on Russia probe: 'Finish it the hell up' https://t.co/ahRFnTGJO9,2018-06-29,2018-06-29 02:30:00-04:00,-0.6808,0.295,0.705,0.0
341,Fox News,"NYPD cops probed for not helping slain Bronx teen, report says https://t.co/bEKGJVrbZm",2018-06-29,2018-06-29 02:15:00-04:00,-0.2235,0.146,0.854,0.0
342,Fox News,"Harsh anti-Trump UN human rights report on US 'extreme poverty' cherry-picks data, assumptions, examination shows https://t.co/s830WO8kcb",2018-06-29,2018-06-29 02:00:00-04:00,-0.7351,0.307,0.693,0.0
343,Fox News,Science fiction author Harlan Ellison dead at age 84 https://t.co/A0gaHHCN4c,2018-06-29,2018-06-29 01:46:00-04:00,-0.6486,0.323,0.677,0.0
344,Fox News,"Senate passes its version of farm bill, setting up clash over food stamps https://t.co/0bsSGVdTvH",2018-06-29,2018-06-29 01:30:00-04:00,0.0,0.0,1.0,0.0
345,Fox News,Dem congresswoman among anti-Trump protesters arrested inside Capitol office building https://t.co/EcxCWUGzlN,2018-06-29,2018-06-29 01:15:01-04:00,-0.6124,0.357,0.643,0.0
346,Fox News,"In Florida battleground, Puerto Ricans fleeing Maria's destruction reshape electoral landscape. https://t.co/DHk2boykpb",2018-06-29,2018-06-29 00:58:00-04:00,-0.7506,0.39,0.61,0.0
347,Fox News,"Teen leads police on 135 mph chase, goes airborn. https://t.co/d64yEqPeGq",2018-06-29,2018-06-29 00:38:00-04:00,0.0,0.0,1.0,0.0
348,Fox News,Annapolis newsroom shooting sparks lawmakers' calls to 'end the violence' https://t.co/RstJ8Oh8PU,2018-06-29,2018-06-29 00:20:00-04:00,-0.6249,0.291,0.709,0.0
349,Fox News,Judge orders release of detained Brazilian boy. https://t.co/yKDYi4rIDx,2018-06-29,2018-06-29 00:02:00-04:00,-0.4019,0.278,0.722,0.0
350,Fox News,OPINION: Trump-Putin summit is a good idea to deal with dangerous issues dividing the nuclear powers. https://t.co/f64Qk6X63A,2018-06-28,2018-06-28 23:45:00-04:00,-0.0516,0.155,0.7,0.145
351,Fox News,".@adamputnam, @RepDeSantis spar over Trump support, shootings in Fox News GOP debate in Florida. https://t.co/W69FHphbEL",2018-06-28,2018-06-28 23:30:00-04:00,0.4019,0.0,0.838,0.162
352,Fox News,Pennsylvania mayor's 'racist' Antwon Rose protest comments prompt calls for resignation. https://t.co/PKHIxw5eff,2018-06-28,2018-06-28 23:16:00-04:00,-0.4939,0.296,0.704,0.0
353,Fox News,"After Thursday's deadly shooting at @capgaznews, @chaseacook, a reporter for the newspaper, tweeted, ""We are puttin‚Ä¶ https://t.co/EYJrsEqy29",2018-06-28,2018-06-28 23:00:00-04:00,0.0,0.0,1.0,0.0
354,Fox News,.@POTUS meets with lawmakers to discuss Supreme Court vacancy. https://t.co/c93j4a6ooi,2018-06-28,2018-06-28 22:51:00-04:00,0.5574,0.0,0.714,0.286
355,Fox News,"Rob Hiaasen, Capital Gazette editor and brother of author Carl Hiaasen, among 5 newsroom shooting victims. https://t.co/TalrTMAh85",2018-06-28,2018-06-28 22:49:59-04:00,-0.7096,0.296,0.704,0.0
356,Fox News,Dem congresswoman among anti-Trump protesters arrested inside Capitol office building. https://t.co/z4K9wnNuni,2018-06-28,2018-06-28 22:44:00-04:00,-0.6124,0.357,0.643,0.0
357,Fox News,"TONIGHT: @SenateMajLdr speaks with @shannonbream on @foxnewsnight following the retirement of Justice Kennedy. 

Tu‚Ä¶ https://t.co/kb7Vu2WMSx",2018-06-28,2018-06-28 22:40:00-04:00,0.5267,0.0,0.805,0.195
358,Fox News,Kim Jong Un ordered army officer executed after giving soldiers extra food: report https://t.co/QVEQca88K1,2018-06-28,2018-06-28 22:35:00-04:00,0.34,0.0,0.844,0.156
359,Fox News,Gazette journalists tweet about the shooting inside their building: 'Please help us' https://t.co/ewzoJNRh3i,2018-06-28,2018-06-28 22:28:33-04:00,0.6124,0.0,0.688,0.312
360,Fox News,"Deputy Chief William Krampf: ""We know through the investigation that there are no further threats.""‚Ä¶ https://t.co/qoe7KDAFCp",2018-06-28,2018-06-28 22:16:40-04:00,-0.296,0.128,0.872,0.0
361,Fox News,BREAKING: Annapolis newspaper shooting suspect ID'd as Jarrod W. Ramos. https://t.co/v5FO5cbE8Y,2018-06-28,2018-06-28 22:13:40-04:00,-0.296,0.18,0.82,0.0
362,Fox News,"Officials hold a press briefing with the latest on today's shooting at @capgaznews in Annapolis, MD.‚Ä¶ https://t.co/5PlFc2GiMu",2018-06-28,2018-06-28 22:11:14-04:00,0.0,0.0,1.0,0.0
363,Fox News,"JUST IN: Rob Hiaasen, Capital Gazette editor and brother of author Carl Hiaasen, identified as Annapolis shooting v‚Ä¶ https://t.co/aAGUyT2j8B",2018-06-28,2018-06-28 22:04:10-04:00,-0.5574,0.167,0.833,0.0
364,Fox News,".@marklevinshow: ""Progressives don't own the Supreme Court. They don't own seats on the Supreme Court. When they ta‚Ä¶ https://t.co/BMThoBHQfz",2018-06-28,2018-06-28 21:56:48-04:00,-0.7048,0.256,0.744,0.0
365,Fox News,"OPINION: Want to defeat lazy, corrupt and out-of-touch politicians in both parties? Here's what will really work https://t.co/wTz2jGVeNi",2018-06-28,2018-06-28 21:51:00-04:00,-0.3612,0.234,0.596,0.17
366,Fox News,"Central America battles corruption, violence despite billions in US aid https://t.co/V9uGgAwX5x",2018-06-28,2018-06-28 21:47:00-04:00,-0.7717,0.427,0.573,0.0
367,Fox News,Florida man sent back to jail after not paying for taxi ride home from jail https://t.co/z0zIFXpjyD,2018-06-28,2018-06-28 21:43:00-04:00,0.0,0.0,1.0,0.0
368,Fox News,".@TuckerCarlson: ""The campaign against ICE is a campaign for open borders."" #Tucker https://t.co/zjo0pH6cT5",2018-06-28,2018-06-28 21:32:10-04:00,0.0,0.0,1.0,0.0
369,Fox News,"RT @FoxNewsResearch: Florida GOP Gov Debate
‚ÄîAdam Putnam‚Äî
‚Ä¢43 yrs old
‚Ä¢FL's Agriculture Commissioner since 2011
‚Ä¢2001-2011: Served 5 terms‚Ä¶",2018-06-28,2018-06-28 21:28:16-04:00,0.0,0.0,1.0,0.0
370,Fox News,"RT @FoxNewsResearch: Florida GOP Gov Debate
‚ÄîRon DeSantis‚Äî
‚Ä¢39 years old
‚Ä¢Iraq War veteran, Navy reservist
‚Ä¢Former military prosecutor
‚Ä¢Ser‚Ä¶",2018-06-28,2018-06-28 21:28:12-04:00,-0.5994,0.17,0.83,0.0
371,Fox News,Arkansas lawmaker accused of filing no taxes for 15 years arrested https://t.co/hx66jofWMV,2018-06-28,2018-06-28 21:24:30-04:00,-0.7579,0.455,0.545,0.0
372,Fox News,.@newtgingrich: We need welfare reform now ‚Äì Here‚Äôs why https://t.co/31TeTnB5i0,2018-06-28,2018-06-28 21:17:10-04:00,0.0,0.0,1.0,0.0
373,Fox News,"Annapolis newsroom shooting leaves 5 people dead; suspect in custody, officials say. https://t.co/jqKHHVLXCR https://t.co/mqIDADWpgk",2018-06-28,2018-06-28 21:07:51-04:00,-0.7579,0.371,0.629,0.0
374,Fox News,Newly-discovered footage offers rare glimpse of FDR walking at the White House. https://t.co/q9JjfMOrcS,2018-06-28,2018-06-28 20:54:48-04:00,0.0,0.0,1.0,0.0
375,Fox News,"BREAKING: Jahi McMath, girl at center of brain death debate, has died after surgery, family says. https://t.co/cAgCf1xYwT",2018-06-28,2018-06-28 20:48:40-04:00,-0.8176,0.333,0.667,0.0
376,Fox News,"In Florida battleground, Puerto Ricans fleeing Maria's destruction reshape the electoral landscape. https://t.co/DHk2boykpb",2018-06-28,2018-06-28 20:40:40-04:00,-0.7506,0.368,0.632,0.0
377,Fox News,"NYPD police officers probed for not helping slain Bronx teen, report says https://t.co/bEKGJV9B7O",2018-06-28,2018-06-28 20:34:34-04:00,-0.2235,0.136,0.864,0.0
378,Fox News,"RT @FoxBusiness: Deputy Chief William Krampf : ""The Capital newspaper is our local newspaper. We interact with the Capital newspaper daily.‚Ä¶",2018-06-28,2018-06-28 20:32:40-04:00,0.0,0.0,1.0,0.0
379,Fox News,Pennsylvania mayor's 'racist' Antwon Rose protest comments prompt calls for resignation. https://t.co/PKHIxw5eff,2018-06-28,2018-06-28 20:25:24-04:00,-0.4939,0.296,0.704,0.0
380,Fox News,"RT @FoxBusiness: Deputy Chief William Krampf : ""This was a targeted attack... He entered the building with a shotgun and he looked for his‚Ä¶",2018-06-28,2018-06-28 20:20:00-04:00,0.0,0.0,1.0,0.0
381,Fox News,"Deputy Chief William Krampf: ""[The suspect is] in his late 30s."" https://t.co/jqKHHVLXCR https://t.co/1zL68FokUM",2018-06-28,2018-06-28 20:16:15-04:00,-0.296,0.155,0.845,0.0
382,Fox News,"Deputy Chief William Krampf: ""We mentioned before about the improvised explosive device. That is not an IED, it was‚Ä¶ https://t.co/Y8A3KNT1vj",2018-06-28,2018-06-28 20:11:01-04:00,0.0,0.0,1.0,0.0
383,Fox News,Officials in Maryland provide an update on the deadly shooting. https://t.co/TOWLLp3jO7  https://t.co/lSZXF1MGU8,2018-06-28,2018-06-28 20:02:34-04:00,0.0,0.0,1.0,0.0
384,Fox News,".@GovMikeHuckabee: ""Democrats have alienated the Evangelical voters more than they ever have and I don't see it com‚Ä¶ https://t.co/cyme63Wdl0",2018-06-28,2018-06-28 20:00:20-04:00,0.0,0.0,1.0,0.0
385,Fox News,".@adamputnam, @RepDeSantis spar over Trump support, shootings in Fox News GOP debate in Florida https://t.co/OFvrvrmDYV",2018-06-28,2018-06-28 19:55:04-04:00,0.4019,0.0,0.838,0.162
386,Fox News,".@RepMattGaetz on House Judiciary Committee hearing: ""This is going from just being Robert Mueller's probe to a pro‚Ä¶ https://t.co/qUYwDRNvLI",2018-06-28,2018-06-28 19:47:29-04:00,0.0,0.0,1.0,0.0
387,Fox News,Police have a suspect in custody in the Maryland newsroom shooting that left at least five dead and several injured‚Ä¶ https://t.co/Spv1w30Uay,2018-06-28,2018-06-28 19:40:40-04:00,-0.7579,0.265,0.735,0.0
388,Fox News,".@adamputnam: ""Able bodied individuals who are on public assistance ought to work."" https://t.co/sakkfCF04q https://t.co/up7UNy8Adm",2018-06-28,2018-06-28 19:33:46-04:00,0.0,0.0,1.0,0.0
389,Fox News,".@RepDeSantis on @POTUS' tariffs: ""He's trying to get concessions on behalf of the American people, and I think we‚Ä¶ https://t.co/ZjRsfinGIr",2018-06-28,2018-06-28 19:28:15-04:00,0.0,0.0,1.0,0.0
390,Fox News,".@RepDeSantis on aftermath in the Parkland school shooting: ""If I had been governor, I would not have signed contro‚Ä¶ https://t.co/5ZMVANbvnX",2018-06-28,2018-06-28 19:22:50-04:00,0.0,0.0,1.0,0.0
391,Fox News,".@adamputnam: ""It is critically important that we defend our rights and protect our students in the schools. Those‚Ä¶ https://t.co/lL13eXL3l4",2018-06-28,2018-06-28 19:18:17-04:00,0.5267,0.0,0.794,0.206
392,Fox News,".@adamputnam: ""Our immigration laws need to be enforced."" https://t.co/sakkfCF04q https://t.co/LFHORC6yMu",2018-06-28,2018-06-28 19:13:37-04:00,0.0,0.0,1.0,0.0
393,Fox News,".@RepDeSantis: ""I think that the folks who come illegally, if they come with minors, they should be reunited with t‚Ä¶ https://t.co/3waiMxULtB",2018-06-28,2018-06-28 19:08:56-04:00,0.0,0.0,1.0,0.0
394,Fox News,".@adamputnam: ""I think that it's important that we remember the things that were said by the last president that un‚Ä¶ https://t.co/OKWdKSy1PZ",2018-06-28,2018-06-28 19:06:05-04:00,0.2023,0.0,0.917,0.083
395,Fox News,".@RepDeSantis: ""I'm leading the fight right now in Congress to censure Maxine Waters for her conduct.""‚Ä¶ https://t.co/6v6qtslSRl",2018-06-28,2018-06-28 19:00:30-04:00,-0.3818,0.14,0.86,0.0
396,Fox News,".@AdamPutnam says he would endorse Trump for 2020 reelection bid: ""I support our president"" https://t.co/sakkfCF04q",2018-06-28,2018-06-28 18:53:07-04:00,0.6124,0.0,0.722,0.278
397,Fox News,".@adamputnam: ""I care more about the schools in Washington County than what's going on in Washington, D.C.""‚Ä¶ https://t.co/Hhw2D4IRJj",2018-06-28,2018-06-28 18:52:09-04:00,0.4939,0.0,0.842,0.158
398,Fox News,".@RepDeSantis on the Mueller probe: ""There was no collusion.""  https://t.co/sakkfCF04q https://t.co/fvRzsuvWVw",2018-06-28,2018-06-28 18:46:00-04:00,-0.296,0.18,0.82,0.0
399,Fox News,".@RepDeSantis: ""If we get it right, we can end judicial activism in Florida for a generation.""‚Ä¶ https://t.co/po7Kmv7PWY",2018-06-28,2018-06-28 18:43:57-04:00,0.0,0.0,1.0,0.0
400,The New York Times,The Senate has allocated $5 million to compensate all of its interns https://t.co/k4inV7zv04,2018-06-29,2018-06-29 08:00:14-04:00,0.0,0.0,1.0,0.0
401,The New York Times,"The suspect in the Annapolis newsroom shooting had previously made ""general threats"" on social media against the ne‚Ä¶ https://t.co/gQYskptYs7",2018-06-29,2018-06-29 07:44:03-04:00,-0.6124,0.227,0.773,0.0
402,The New York Times,Justice Anthony Kennedy's final ruling could forever alter the role of labor unions https://t.co/WhOXQmrlhO,2018-06-29,2018-06-29 07:15:05-04:00,0.5267,0.0,0.793,0.207
403,The New York Times,"At least 19 ICE investigators are seeking to dissolve the agency, concerned that the Trump administration's crackdo‚Ä¶ https://t.co/lTyqUd911u",2018-06-29,2018-06-29 07:00:10-04:00,0.0,0.0,1.0,0.0
404,The New York Times,"This World Cup, thus far, has belonged not to soccer's great aristocratic houses, but to its petite bourgeoisie,‚Ä¶ https://t.co/VcdcCAR5FB",2018-06-29,2018-06-29 06:44:04-04:00,-0.284,0.107,0.893,0.0
405,The New York Times,"""We've learned democracy just can't last long here,"" said an architecture major. ""It can easily turn into populism,‚Ä¶ https://t.co/e5ui4B2808",2018-06-29,2018-06-29 06:30:07-04:00,0.34,0.0,0.882,0.118
406,The New York Times,What the public knew about Emma Gatewood was already remarkable. But what they didn't know is even more remarkable. https://t.co/wMmro66L4Y,2018-06-29,2018-06-29 06:14:06-04:00,0.802,0.0,0.714,0.286
407,The New York Times,Morning¬†Briefing: Here's what you need to know to start your day https://t.co/5sRsmyBjrY https://t.co/AtXdGPNuyW,2018-06-29,2018-06-29 06:05:05-04:00,0.0,0.0,1.0,0.0
408,The New York Times,"RT @nytimesworld: A trip through the @nytimes archives reveals stories about ""triddlybits"" and other Aussie slang, along with the harrowing‚Ä¶",2018-06-29,2018-06-29 06:00:50-04:00,0.0,0.0,1.0,0.0
409,The New York Times,"A far-right group planned to kill veiled women, imams and recently released Islamist prisoners, and wanted to attac‚Ä¶ https://t.co/Y6XU0IazwQ",2018-06-29,2018-06-29 05:46:06-04:00,-0.8402,0.333,0.667,0.0
410,The New York Times,"European leaders agreed to establish voluntary screening centers for migrants on European soil, to ease the burden‚Ä¶ https://t.co/wTBWSpuwm9",2018-06-29,2018-06-29 05:31:06-04:00,0.5574,0.0,0.777,0.223
411,The New York Times,"The suspect in the Annapolis newsroom shooting had previously made ""general threats"" on social media against the ne‚Ä¶ https://t.co/18W7bGdLWU",2018-06-29,2018-06-29 05:15:02-04:00,-0.6124,0.227,0.773,0.0
412,The New York Times,"Inside the campaign to get Justice Kennedy to retire: strategic praise, assurances his legacy would remain intact a‚Ä¶ https://t.co/UBRsaQ2t9F",2018-06-29,2018-06-29 05:00:12-04:00,0.8807,0.0,0.573,0.427
413,The New York Times,Some women who worked at the United Nations said they were accused of being overly emotional when they tried to rep‚Ä¶ https://t.co/zS7zYLs62i,2018-06-29,2018-06-29 04:30:11-04:00,0.296,0.086,0.742,0.172
414,The New York Times,A guide to some of the biggest blockchain projects outside of Bitcoin https://t.co/K23DMlNvz5,2018-06-29,2018-06-29 04:20:24-04:00,0.0,0.0,1.0,0.0
415,The New York Times,"Inside the campaign to get Justice Kennedy to retire: strategic praise, assurances his legacy would remain intact a‚Ä¶ https://t.co/YMYgXzCRl4",2018-06-29,2018-06-29 04:02:03-04:00,0.8807,0.0,0.573,0.427
416,The New York Times,The nation of Ambazonia doesn't officially exist. But a violent battle over attempts to create it in English-speaki‚Ä¶ https://t.co/hnVeOzWQqm,2018-06-29,2018-06-29 03:47:03-04:00,-0.6597,0.275,0.636,0.089
417,The New York Times,The identity of a London jogger who pushed a woman into the path of a bus will most likely remain a mystery as the‚Ä¶ https://t.co/YVptFudPLY,2018-06-29,2018-06-29 03:32:02-04:00,0.0,0.0,1.0,0.0
418,The New York Times,"RT @nytgraphics: The paradox of Europe‚Äôs migration crisis:
The actual number of arriving migrants is down to its pre-2015 level, but the po‚Ä¶",2018-06-29,2018-06-29 03:17:01-04:00,-0.3818,0.151,0.803,0.046
419,The New York Times,Defense Secretary Jim Mattis reaffirmed a commitment to South Korea amid moves to halt North Korea's nuclear ambiti‚Ä¶ https://t.co/UiyNfKUTku,2018-06-29,2018-06-29 03:02:08-04:00,0.4767,0.0,0.796,0.204
420,The New York Times,"RT @nytimesworld: The Chinese Communist Party is deeply worried about the ""ideological purity"" of university students, who have only a fain‚Ä¶",2018-06-29,2018-06-29 02:32:03-04:00,0.0534,0.107,0.776,0.116
421,The New York Times,"RT @samdolnick: Here we go! Come work on the new @nytimes TV news show, The Weekly. We‚Äôll be on the ground all over the world, telling the‚Ä¶",2018-06-29,2018-06-29 02:16:24-04:00,0.0,0.0,1.0,0.0
422,The New York Times,"How long can humans live? The limit hasn't been reached, a study finds. https://t.co/HuRypbzmmr",2018-06-29,2018-06-29 01:59:52-04:00,-0.0762,0.097,0.903,0.0
423,The New York Times,"RT @nytopinion: Many men on Twitter viewed my Ph.D. not as a sign of expertise but as a provocation, a pretension, says @bairdjulia https:/‚Ä¶",2018-06-29,2018-06-29 01:42:05-04:00,0.0,0.0,1.0,0.0
424,The New York Times,"We‚Äôre looking for stories about sex that was troubling or awkward, hilarious or profound. Leave us a voicemail shar‚Ä¶ https://t.co/hVmSdaFuZ8",2018-06-29,2018-06-29 01:27:04-04:00,-0.3818,0.263,0.625,0.113
425,The New York Times,World Cup 2018 bracket: The 16 teams left and the schedule for the knockout stage https://t.co/FMD1Z5ivZj,2018-06-29,2018-06-29 01:08:04-04:00,0.0,0.0,1.0,0.0
426,The New York Times,"Gerald Fischman
Rob Hiaasen 
John McNamara 
Rebecca Smith
Wendi Winters 

https://t.co/CxcAEaefWn",2018-06-29,2018-06-29 00:52:01-04:00,-0.5574,0.265,0.735,0.0
427,The New York Times,Germany‚Äôs Great Unraveling https://t.co/u0T0KM35Mr,2018-06-29,2018-06-29 00:44:46-04:00,0.6249,0.0,0.423,0.577
428,The New York Times,RT @daiwaka: California passes the most comprehensive privacy law in the US. Tech hated it but didn‚Äôt block it. Some privacy advocates feel‚Ä¶,2018-06-29,2018-06-29 00:32:05-04:00,-0.7007,0.23,0.712,0.059
429,The New York Times,"Who Is Jarrod Ramos, the Suspect in the Annapolis Newsroom Shooting? https://t.co/cwRljeawHZ",2018-06-29,2018-06-29 00:29:50-04:00,-0.296,0.167,0.833,0.0
430,The New York Times,The Victims of the Capital Gazette Newsroom Shooting https://t.co/pCac5Dy2gG,2018-06-29,2018-06-29 00:15:03-04:00,-0.3182,0.223,0.777,0.0
431,The New York Times,"As Oumuamua passed through our solar system, something other than gravity was pushing the object away from the sun https://t.co/1Rv7qqqYuc",2018-06-29,2018-06-29 00:02:02-04:00,0.0,0.0,1.0,0.0
432,The New York Times,"Far-Right Cell Plotted Attack on French Muslims, Authorities Say https://t.co/NmAeJO5T0I",2018-06-29,2018-06-29 00:00:29-04:00,-0.4767,0.256,0.744,0.0
433,The New York Times,"Option A: Take in the music, art and beautiful people at MoMA PS1 Warm Up. 
Option B: Watch films about New York wo‚Ä¶ https://t.co/0T1vGX8cty",2018-06-28,2018-06-28 23:47:04-04:00,0.7003,0.0,0.791,0.209
434,The New York Times,"South Korea Must Offer Alternatives to Military Draft, Court Rules https://t.co/IR7JaoXJvJ",2018-06-28,2018-06-28 23:36:30-04:00,0.0,0.0,1.0,0.0
435,The New York Times,"Going public and saying #MeToo meant sleepless nights and tense discussions. Yet for these 20 people, there were fe‚Ä¶ https://t.co/lbdwTeG7ve",2018-06-28,2018-06-28 23:32:04-04:00,-0.34,0.112,0.888,0.0
436,The New York Times,"RT @StacyCowley: ‚ÄúNavient‚Äôs loan servicing abuses have compounded the misery of parents and students who sacrificed to pay for college,‚Äù ‚Å¶@‚Ä¶",2018-06-28,2018-06-28 23:17:04-04:00,-0.8271,0.326,0.674,0.0
437,The New York Times,A new vaccine appears to have helped bring an Ebola outbreak to a rapid close https://t.co/9v7PHVcNC8,2018-06-28,2018-06-28 23:02:05-04:00,0.0,0.0,1.0,0.0
438,The New York Times,A break-in and fire at an animal sanctuary killed 43 alligators and crocodiles. One exceptionally rare white alliga‚Ä¶ https://t.co/xehd2azz7J,2018-06-28,2018-06-28 22:47:04-04:00,-0.7845,0.301,0.699,0.0
439,The New York Times,"RT @nytimesbusiness: The Fed dealt an embarrassing blow to Goldman Sachs and Morgan Stanley, who were given ‚Äúconditional approval‚Äù to retur‚Ä¶",2018-06-28,2018-06-28 22:41:01-04:00,-0.3818,0.115,0.885,0.0
440,The New York Times,Joseph Crowley may have been the last powerful party boss in a city once defined by them. Here's how his primary de‚Ä¶ https://t.co/Ob5xHLMHKJ,2018-06-28,2018-06-28 22:25:05-04:00,0.6705,0.0,0.784,0.216
441,The New York Times,"The Capital Gazette shooting suspect had long fought the organization, accusing it of damaging his reputation and i‚Ä¶ https://t.co/AnUpnWBicp",2018-06-28,2018-06-28 22:20:04-04:00,-0.8176,0.388,0.612,0.0
442,The New York Times,"RT @juliebosman: The reunion I saw in Chicago today: Diogo, his eyes downcast, when he recalled his weeks spent at the shelter here. ‚ÄúI cri‚Ä¶",2018-06-28,2018-06-28 22:17:02-04:00,-0.4215,0.109,0.891,0.0
443,The New York Times,A former lawyer for ICE was sentenced to 4 years in prison for stealing the identities of 7 people in immigration p‚Ä¶ https://t.co/9a7Oj1EUkJ,2018-06-28,2018-06-28 22:02:02-04:00,-0.7964,0.323,0.677,0.0
444,The New York Times,"Inside the campaign to get Justice Kennedy to retire: strategic praise, assurances his legacy would remain intact a‚Ä¶ https://t.co/mJd0yQ9LFk",2018-06-28,2018-06-28 21:47:05-04:00,0.8807,0.0,0.573,0.427
445,The New York Times,Evening Briefing: Here's what you need to know at the end of the day https://t.co/d3h63uIT9Z,2018-06-28,2018-06-28 21:32:06-04:00,0.0,0.0,1.0,0.0
446,The New York Times,"RT @jodikantor: Coming forward about harassment, abuse or assault is often terrifying.

Here's what 20 women found on the other side.

http‚Ä¶",2018-06-28,2018-06-28 21:17:04-04:00,-0.9451,0.458,0.542,0.0
447,The New York Times,"If you have complicated feelings about Weezer's ""El Scorcho,"" you're not alone. Here's film critic Emily Yoshida ta‚Ä¶ https://t.co/Go4uYYe6fT",2018-06-28,2018-06-28 21:00:26-04:00,-0.0926,0.101,0.816,0.083
448,The New York Times,"RT @jdavidgoodman: What happens when the Democratic Party boss can‚Äôt get himself re-elected?

 https://t.co/FkvOtyCLdI https://t.co/aOUYSmf‚Ä¶",2018-06-28,2018-06-28 20:52:07-04:00,0.4019,0.0,0.838,0.162
449,The New York Times,"Escaping an abusive marriage, Emma Gatewood sought refuge in the wilderness. Then she became the first woman to hik‚Ä¶ https://t.co/XwoALyF7HT",2018-06-28,2018-06-28 20:45:02-04:00,-0.6124,0.179,0.769,0.051
450,The New York Times,At least 19 ICE investigators are seeking to dissolve the agency https://t.co/AoTNqLcN6E,2018-06-28,2018-06-28 20:32:03-04:00,0.0,0.0,1.0,0.0
451,The New York Times,"RT @NYTNational: Joel Davis, a 22-year-old Columbia student who drew fame with his campaign against sexual violence directed at children, h‚Ä¶",2018-06-28,2018-06-28 20:17:03-04:00,-0.296,0.164,0.72,0.116
452,The New York Times,World Cup 2018 bracket: The 16 teams left and the schedule for the knockout stage https://t.co/jeUCfbqXIt,2018-06-28,2018-06-28 20:02:05-04:00,0.0,0.0,1.0,0.0
453,The New York Times,Toni Sallie said Russell Simmons raped her in his Manhattan apartment. (Simmons has denied all instances of non-con‚Ä¶ https://t.co/jDtiaxftQw,2018-06-28,2018-06-28 19:55:00-04:00,-0.8176,0.306,0.694,0.0
454,The New York Times,"In 2014, he left Columbia University for an ISIS camp in Syria. It was a mistake: ‚ÄúI was surrounded by emptiness,‚Äù‚Ä¶ https://t.co/b9OAnbuycL",2018-06-28,2018-06-28 19:47:02-04:00,-0.34,0.107,0.893,0.0
455,The New York Times,The retirement of Justice Anthony Kennedy from the Supreme Court could significantly reshape environmental law in t‚Ä¶ https://t.co/YaeX8O0uzn,2018-06-28,2018-06-28 19:32:06-04:00,0.7906,0.0,0.696,0.304
456,The New York Times,"Abby Schachner detailed how Louis C.K. audibly masturbated during a business phone call with her, which he later ad‚Ä¶ https://t.co/wiQGu8Smoe",2018-06-28,2018-06-28 18:58:00-04:00,0.0,0.0,1.0,0.0
457,The New York Times,Evening Briefing: Here's what you need to know at the end of the day https://t.co/4bjEtdEv5L,2018-06-28,2018-06-28 18:47:03-04:00,0.0,0.0,1.0,0.0
458,The New York Times,Let‚Äôs talk about what we never talk about. Leave The New York Times a voicemail with the story of a time you had a‚Ä¶ https://t.co/1trOasmgL9,2018-06-28,2018-06-28 18:32:05-04:00,0.0382,0.0,0.95,0.05
459,The New York Times,RT @NYTSports: The Spurs may finally be ready to let Kawhi Leonard go https://t.co/Cp7AN6P7VU by @TheSteinLine,2018-06-28,2018-06-28 18:17:02-04:00,0.3612,0.0,0.857,0.143
460,The New York Times,So that every week can be Shark Week https://t.co/IDR1AhTkdk,2018-06-28,2018-06-28 18:00:19-04:00,0.0,0.0,1.0,0.0
461,The New York Times,"Amazon is entering the pharmacy business. It bought an online provider and the news sent shares of CVS, Walgreens a‚Ä¶ https://t.co/hx47S97edQ",2018-06-28,2018-06-28 17:45:04-04:00,0.4404,0.0,0.83,0.17
462,The New York Times,Rachel Renock and her co-founders at a startup said an investor made lewd and sexist comments while offering them $‚Ä¶ https://t.co/6V7BAFrs0Z,2018-06-28,2018-06-28 17:37:00-04:00,0.0,0.0,1.0,0.0
463,The New York Times,Belgium has assumed the role of sexy dark horse at the World Cup. England is seen as a work in progress. Either tea‚Ä¶ https://t.co/9oATtUh4bK,2018-06-28,2018-06-28 17:30:15-04:00,0.7351,0.0,0.772,0.228
464,The New York Times,"A State Department report was called ‚Äúan indictment of the Trump administration‚Äôs own policies, with respect to asy‚Ä¶ https://t.co/bvcSXP91hL",2018-06-28,2018-06-28 17:20:08-04:00,0.4767,0.0,0.846,0.154
465,The New York Times,"Tina Baker, a singer, described being raped by Russell Simmons in his Manhattan apartment. (Simmons has denied all‚Ä¶ https://t.co/7BDz15qR2S",2018-06-28,2018-06-28 17:07:00-04:00,-0.8176,0.319,0.681,0.0
466,The New York Times,"At least 5 people were killed in a shooting at the offices of the Capital Gazette newspaper in Maryland, the author‚Ä¶ https://t.co/ZuqAacydt6",2018-06-28,2018-06-28 17:01:14-04:00,-0.6705,0.191,0.809,0.0
467,The New York Times,"John Brennan, the CIA director under President Obama, is stepping out of the shadows to rail against President Trum‚Ä¶ https://t.co/5BAcMwyHNR",2018-06-28,2018-06-28 17:00:13-04:00,0.0,0.0,1.0,0.0
468,The New York Times,"This week, @jennydeluxe and @Wesley_Morris hand the mics over to their Asian-American friends and listeners to talk‚Ä¶ https://t.co/5uwy1Qt2Uj",2018-06-28,2018-06-28 16:50:16-04:00,0.743,0.0,0.717,0.283
469,The New York Times,Emma Gatewood hiking the entire Appalachian Trail by herself in one season at 67 was remarkable enough. But so is t‚Ä¶ https://t.co/X9HjGAnhlk,2018-06-28,2018-06-28 16:40:06-04:00,0.5574,0.0,0.854,0.146
470,The New York Times,"Breaking News: Multiple people were shot at the Capital-Gazette newspaper in Annapolis, Md., the police said https://t.co/dR8tAPh00Y",2018-06-28,2018-06-28 16:28:31-04:00,0.0,0.0,1.0,0.0
471,The New York Times,"Kenny Sale, a model, said he was assaulted by the photographer Mario Testino, who denied any wrongdoing.

‚ÄúPeople w‚Ä¶ https://t.co/7L6qMUs4kB",2018-06-28,2018-06-28 16:24:26-04:00,-0.743,0.27,0.73,0.0
472,The New York Times,"Kim Rubenstein alleged sexual misconduct by Gordon Edelstein, the artistic director of the Long Wharf Theater in Ne‚Ä¶ https://t.co/NPNSb96jD1",2018-06-28,2018-06-28 16:22:00-04:00,0.0,0.0,1.0,0.0
473,The New York Times,"‚ÄúYour use of this to attack me personally is deeply wrong,‚Äù said Rod Rosenstein, who oversees the special counsel i‚Ä¶ https://t.co/hqlzdRH2OG",2018-06-28,2018-06-28 16:15:04-04:00,-0.1027,0.125,0.766,0.109
474,The New York Times,"Gunshots were fired at the Capital Gazette, a newspaper in Annapolis, Md., according to a police spokesman and mult‚Ä¶ https://t.co/iDo3ZNIcBA",2018-06-28,2018-06-28 16:03:29-04:00,-0.5574,0.175,0.825,0.0
475,The New York Times,China‚Äôs stock market has now fallen close to levels not seen since a crash shocked global investors 3 years ago https://t.co/zFFoe0opnl,2018-06-28,2018-06-28 16:00:15-04:00,-0.3699,0.208,0.694,0.098
476,The New York Times,"Classic architecture, international cuisine, adventurous activities and serious art: This Western New York city is‚Ä¶ https://t.co/4hIoOHa2fa",2018-06-28,2018-06-28 15:50:03-04:00,0.2732,0.073,0.791,0.136
477,The New York Times,"Vanessa Carlton: ""It feels terrifying to speak on the record. Once you jump off the cliff and you say it, you reali‚Ä¶ https://t.co/Jn5xIPKYYP",2018-06-28,2018-06-28 15:44:00-04:00,-0.5719,0.144,0.856,0.0
478,The New York Times,"Another Equifax worker tried to profit off the huge data breach, the SEC says https://t.co/jxvARa4xBc",2018-06-28,2018-06-28 15:40:09-04:00,0.6369,0.0,0.714,0.286
479,The New York Times,"In a rare legal move, French authorities have charged the cement giant Lafarge with terrorist financing and crimes‚Ä¶ https://t.co/E7nIfk7cjC",2018-06-28,2018-06-28 15:30:07-04:00,-0.7184,0.283,0.652,0.065
480,The New York Times,"The Supreme Court ended a bruising term on Wednesday, one marked by division, disruption and an extraordinary strin‚Ä¶ https://t.co/pkmC0iviCK",2018-06-28,2018-06-28 15:20:04-04:00,0.2732,0.113,0.724,0.163
481,The New York Times,"Helen Donahue, a former Vice Media employee who said a company executive groped her at a party: ‚ÄúIt was like every‚Ä¶ https://t.co/w5X2INrTuL",2018-06-28,2018-06-28 15:15:45-04:00,0.6369,0.0,0.766,0.234
482,The New York Times,Karin Bruckner spoke about having the architect Richard Meier rub his body up against hers at work. (Meier later ap‚Ä¶ https://t.co/GjZBDa3K0D,2018-06-28,2018-06-28 15:15:28-04:00,0.0,0.0,1.0,0.0
483,The New York Times,"Our Politics editor, @patrickhealynyt, answered readers‚Äô questions on The Times‚Äôs political coverage and plans for‚Ä¶ https://t.co/mZkDGnkxVl",2018-06-28,2018-06-28 15:10:09-04:00,0.0,0.0,1.0,0.0
484,The New York Times,The group stage of the 2018 World Cup is nearly over. Here is the schedule for the rest of the tournament. https://t.co/dD6jSI9PKB,2018-06-28,2018-06-28 15:00:06-04:00,0.0,0.0,1.0,0.0
485,The New York Times,Investigators with the Department of Homeland Security made an unannounced visit to the home of a former ICE spokes‚Ä¶ https://t.co/o7HG8DcdLm,2018-06-28,2018-06-28 14:50:04-04:00,0.34,0.0,0.882,0.118
486,The New York Times,"Jerry Richardson, the owner of the Carolina Panthers who is in the process of selling the team for $2.2 billion, wa‚Ä¶ https://t.co/AzhVuSCHZf",2018-06-28,2018-06-28 14:40:05-04:00,0.0,0.0,1.0,0.0
487,The New York Times,"How long can humans live? The limit hasn't been reached, a study finds. https://t.co/9TCvx9XqOR",2018-06-28,2018-06-28 14:30:07-04:00,-0.0762,0.097,0.903,0.0
488,The New York Times,"Lindsay Meyer, who spoke about Silicon Valley‚Äôs culture of harassment: ‚ÄúI was on the verge of getting my big second‚Ä¶ https://t.co/7laDAOMham",2018-06-28,2018-06-28 14:24:00-04:00,-0.5423,0.149,0.851,0.0
489,The New York Times,"A politician who is trying to get rid of speed cameras around city schools has racked up tickets in March, April an‚Ä¶ https://t.co/ojYfTFHPXA",2018-06-28,2018-06-28 14:20:01-04:00,0.0,0.0,1.0,0.0
490,The New York Times,England vs. Belgium is a World Cup heavyweight battle. But both teams may be better off losing this game. Live upda‚Ä¶ https://t.co/jYUQFuomOS,2018-06-28,2018-06-28 14:15:09-04:00,-0.3182,0.199,0.69,0.111
491,The New York Times,"As Amazon continues its pursuit to own everyone and everything, it is buying an online pharmacy, PillPack https://t.co/DL8J5HK4Cp",2018-06-28,2018-06-28 14:10:01-04:00,0.1779,0.0,0.909,0.091
492,The New York Times,"RT @adamliptak: My look back at the last Supreme Court term, with stunning, telling graphics from @aliciaparlap https://t.co/GD85hKMcjR",2018-06-28,2018-06-28 14:06:06-04:00,0.7351,0.0,0.721,0.279
493,The New York Times,"‚ÄúThere was no evidence in our case. And there is no evidence of terrorism here now,‚Äù George Takei said. ‚ÄúWhat the c‚Ä¶ https://t.co/8zmgRAg2RK",2018-06-28,2018-06-28 14:00:11-04:00,-0.8402,0.31,0.69,0.0
494,The New York Times,"Chris Brown said he'd been sexually abused at 17 by the conductor James Levine, who denied the accusations.

""I did‚Ä¶ https://t.co/AH3wZri9Zb",2018-06-28,2018-06-28 13:55:00-04:00,-0.8176,0.321,0.679,0.0
495,The New York Times,"Setting down his glass of ros√©, John Legend performed a handful of songs including ‚ÄúLa Vie en Rose‚Äù (of course) https://t.co/abH9V8Xfdf",2018-06-28,2018-06-28 13:50:03-04:00,0.0,0.0,1.0,0.0
496,The New York Times,Britain‚Äôs intelligence services tolerated and abetted ‚Äúinexcusable‚Äù abuse of terrorism suspects by their American c‚Ä¶ https://t.co/UUN0UZXGfE,2018-06-28,2018-06-28 13:40:05-04:00,-0.8442,0.426,0.456,0.118
497,The New York Times,"2018 is ""officially, extremely canceled"" https://t.co/rSVC5CCQYs",2018-06-28,2018-06-28 13:30:13-04:00,0.0,0.0,1.0,0.0
498,The New York Times,Julie Ruvolo spoke about Silicon Valley's use of nondisclosure agreements to resolve harassment claims. She said An‚Ä¶ https://t.co/tl2CHXj3wM,2018-06-28,2018-06-28 13:24:00-04:00,0.0516,0.151,0.647,0.203
499,The New York Times,"While students publicly praise ideological classes on Mao, in private many say they find the courses dull and irrel‚Ä¶ https://t.co/xTdxiNnBWF",2018-06-28,2018-06-28 13:20:05-04:00,0.2263,0.111,0.741,0.148
